dataset,seed,intervention_target,lag,DLL_var0,DLL_var1,DLL_var2,DLL_var3,DLL_var4,DLL_var5,DeltaJS,DeltaKin,DeltaStat,DeltaTE_XtoVar0,DeltaTE_XtoVar1,DeltaTE_XtoVar2,DeltaTE_XtoVar3,DeltaTE_XtoVar4,DeltaTE_XtoVar5
DatasetA,0,0,1,26.412735253354274,0.02398120998018228,0.0005980773687124404,,,,0.15239010302484438,0.02718997608636675,0.38393073176689774,0.0,0.23639875885794148,0.12882382796050407,,,
DatasetA,0,0,10,,,,,,,0.1630926856382359,0.5603781126667348,0.38371071855382155,0.0,0.09144392947809754,0.08801913438851239,,,
DatasetA,0,0,50,,,,,,,0.16571922881436235,0.5837626367078707,0.382730879618413,0.0,0.0915694898792152,0.08238616422541734,,,
DatasetA,0,1,1,0.014004395820166165,49.541598565397514,0.1601308994632328,,,,0.15204312885849702,0.027254917953749236,0.30140443673634726,0.07762589122065,0.0,0.47380417943595776,,,
DatasetA,0,1,10,,,,,,,0.1549586481312154,0.560373102848967,0.301262734601858,0.08387120763685196,0.0,0.0842734853964835,,,
DatasetA,0,1,50,,,,,,,0.15900623005670164,0.5837576268229502,0.30027640272603967,0.08741762495504313,0.0,0.08990824062431058,,,
DatasetA,0,2,1,0.9131249734924568,0.3882801440519631,171.10524406539795,,,,0.14440853529203354,0.03415350696716635,0.23601846115804717,0.082294719843784,0.080164742181424,0.0,,,
DatasetA,0,2,10,,,,,,,0.13377478336446774,0.4353630989692311,0.23584024867872688,0.08365517303337233,0.0792720186447804,0.0,,,
DatasetA,0,2,50,,,,,,,0.14012013475579702,0.45874762271832764,0.23634123323235443,0.08374280838201376,0.0879402855661775,0.0,,,
DatasetA,1,0,1,31.402103772604594,0.1224783349243663,0.02729483193448545,,,,0.1349977474293439,0.247815541554672,0.38951415695867875,0.0,0.2256275433878494,0.12237347412557664,,,
DatasetA,1,0,10,,,,,,,0.12342513091570702,0.817919167689067,0.38890383899966485,0.0,0.08667823533002572,0.08984372851091216,,,
DatasetA,1,0,50,,,,,,,0.11969007229424905,0.8336838924874026,0.3892509621938654,0.0,0.09017832431571238,0.08693731564170015,,,
DatasetA,1,1,1,0.020051879276071636,44.67487764417998,0.3408652644294534,,,,0.1306848875561353,0.12281553155266633,0.30258366782918933,0.08371873048338418,0.0,0.4899262480312452,,,
DatasetA,1,1,10,,,,,,,0.138529832226011,0.6929191576690031,0.3024903495336258,0.08479892769123731,0.0,0.07915711830392702,,,
DatasetA,1,1,50,,,,,,,0.12923776809946433,0.7086838823860736,0.30293305799522696,0.08901865936488473,0.0,0.09197139525259468,,,
DatasetA,1,2,1,0.1390202696768799,0.6349313691746173,202.2115129223935,,,,0.1467955118169328,0.021022068898099766,0.23519977435358996,0.07857806545019863,0.08525243159801277,0.0,,,
DatasetA,1,2,10,,,,,,,0.13672011988487873,0.4429191521191337,0.23504556220009554,0.09017419331196219,0.0866897364393604,0.0,,,
DatasetA,1,2,50,,,,,,,0.13464226436528606,0.4586838769901993,0.23486227330993437,0.08771592565364772,0.08560328407129436,0.0,,,
DatasetA,2,0,1,34.081972002426376,0.022646907637208915,0.002496844314336314,,,,0.1920086807321288,0.09621365611667099,0.3881559323097734,0.0,0.22522956296813845,0.12716730974697965,,,
DatasetA,2,0,10,,,,,,,0.1631983819192224,0.6880865311311238,0.3878039703590611,0.0,0.09428297804755292,0.0871224643800792,,,
DatasetA,2,0,50,,,,,,,0.16531993168438183,0.7118071455112488,0.3873608757032959,0.0,0.09077580920455697,0.08858372672282622,,,
DatasetA,2,1,1,0.06517259382398014,42.7564462114877,0.135676968015143,,,,0.19659831267720773,0.028786353898465067,0.3044807290706581,0.08559977943094355,0.0,0.4813418538235954,,,
DatasetA,2,1,10,,,,,,,0.18715446256059207,0.5630865211183717,0.3045022859014134,0.09146267668492314,0.0,0.09194213321110567,,,
DatasetA,2,1,50,,,,,,,0.19688804601130744,0.5868071353988137,0.30354011006255,0.0856385713724448,0.0,0.0910353534904722,,,
DatasetA,2,2,1,0.27794481545921185,0.1365638888149873,234.61126155709042,,,,0.21027653520368542,0.05217561894308964,0.23407831757376046,0.08539693097772827,0.07574035356691211,0.0,,,
DatasetA,2,2,10,,,,,,,0.19641013709072913,0.3130865112386011,0.23412430615848528,0.07903455538721094,0.08384929001181307,0.0,,,
DatasetA,2,2,50,,,,,,,0.19813497640418007,0.3368071394427915,0.23388524840106165,0.0933243569955371,0.08824883716879928,0.0,,,
DatasetA,3,0,1,32.82876225714334,0.08662870842919444,0.011230110261824662,,,,0.1949114807808613,0.1634033924525241,0.3839013597664124,0.0,0.21178969950139193,0.1268410692248927,,,
DatasetA,3,0,10,,,,,,,0.20505431845990077,0.465449323362622,0.3843864254279338,0.0,0.0919143463789176,0.09167791870825104,,,
DatasetA,3,0,50,,,,,,,0.20468902552164608,0.45701921843963667,0.38505848603330894,0.0,0.08273451485099192,0.0929069259968105,,,
DatasetA,3,1,1,0.004148268280880732,48.56609963076946,0.07773260473382863,,,,0.17449641548063338,0.16347335668841534,0.3039674695308172,0.08310510087001233,0.0,0.4861726822410384,,,
DatasetA,3,1,10,,,,,,,0.18156502909433542,0.46543931414134365,0.3042622832299652,0.0944903825173089,0.0,0.08372284186948109,,,
DatasetA,3,1,50,,,,,,,0.18497263608422176,0.45700920913719634,0.3044012531187555,0.082862682381871,0.0,0.08473860008345868,,,
DatasetA,3,2,1,1.2981315125154274,1.4129941219165056,259.7961508747107,,,,0.15174433726030778,0.037152412039874294,0.23490324162005083,0.0787373137209717,0.07711558376549443,0.0,,,
DatasetA,3,2,10,,,,,,,0.13963328167932115,0.4654193112507227,0.23499151261787937,0.09303500090179284,0.07904095518430454,0.0,,,
DatasetA,3,2,50,,,,,,,0.135941231353178,0.4569892061824352,0.234936432688785,0.08851260756403878,0.08892834263291105,0.0,,,
DatasetA,4,0,1,33.7746567685591,0.050218038391821304,0.0037710360079194305,,,,0.21097842247627568,0.12902027587553477,0.39296505441015894,0.0,0.2293534341262078,0.12144966161134096,,,
DatasetA,4,0,10,,,,,,,0.2233317232715522,0.4587664739491805,0.3926475930911254,0.0,0.08958942984963247,0.09325869778742835,,,
DatasetA,4,0,50,,,,,,,0.22962738056069648,0.4536199500775486,0.39302182291220544,0.0,0.09642196735183761,0.08470957023198933,,,
DatasetA,4,1,1,0.0407399134348206,45.34979286350487,0.1689728353609448,,,,0.20549262708246677,0.12909023936103003,0.3069990553182263,0.08655324461433156,0.0,0.48358137239927457,,,
DatasetA,4,1,10,,,,,,,0.2044486635379828,0.45875646472774795,0.30668851122855895,0.09559665555618224,0.0,0.08556266489386122,,,
DatasetA,4,1,50,,,,,,,0.207312134173529,0.4536099407750211,0.30757740660011845,0.08634592198139446,0.0,0.08082174371672401,,,
DatasetA,4,2,1,0.37750352165572426,0.0025188051973958347,191.48104294970065,,,,0.14519629916044519,0.06034173240587226,0.23269668683874453,0.08046157444462176,0.07558409657035825,0.0,,,
DatasetA,4,2,10,,,,,,,0.13116924342085512,0.4587364612395915,0.23265006735961394,0.0877935196621693,0.08347872717010008,0.0,,,
DatasetA,4,2,50,,,,,,,0.13542772832886366,0.45358993728032243,0.23277388109403913,0.09112602718365759,0.08954288099751562,0.0,,,
DatasetA,5,0,1,28.513609822714407,0.37386047096878017,0.0011046853763561563,,,,0.2535122267543693,0.04694746473015088,0.3867562033587989,0.0,0.2132615284919852,0.12539562399884963,,,
DatasetA,5,0,10,,,,,,,0.25000298487886685,0.5782533524487188,0.3864650136767458,0.0,0.09147702858264806,0.09086878471915583,,,
DatasetA,5,0,50,,,,,,,0.2534583042392847,0.5991237604301642,0.38668669025626967,0.0,0.08453394885050125,0.08351132055246335,,,
DatasetA,5,1,1,0.2723794670693904,45.32613416972834,0.22600163663585954,,,,0.24266746791980198,0.15867564897007103,0.3032539514854986,0.07933500273571359,0.0,0.4832920303507535,,,
DatasetA,5,1,10,,,,,,,0.27287349398908234,0.45325334242466164,0.3030444808624392,0.08811999761153144,0.0,0.08524555802209921,,,
DatasetA,5,1,50,,,,,,,0.2417094204017813,0.4741237502400035,0.30257295900397907,0.08733542447831555,0.0,0.08917744206366907,,,
DatasetA,5,2,1,0.013764491451605868,0.0005368816343745654,180.89455590134116,,,,0.22756138340995435,0.04486115165860194,0.2345992882910641,0.0828746016444093,0.08283075273091822,0.0,,,
DatasetA,5,2,10,,,,,,,0.25719305338579396,0.3282433323923981,0.23457553367016504,0.08852306717288982,0.08687542980676399,0.0,,,
DatasetA,5,2,50,,,,,,,0.2685385778367973,0.34911375403573064,0.23359227025479723,0.08783609186314356,0.07976828649223977,0.0,,,
DatasetA,6,0,1,29.05440126950365,0.0864077279480288,0.012364071676980577,,,,0.1392667769498122,0.10890488403807919,0.385004060730618,0.0,0.21094990801425828,0.12016230574672959,,,
DatasetA,6,0,10,,,,,,,0.14704542197932435,0.6338459744935055,0.3856726176157348,0.0,0.09354598399075131,0.08983011139086328,,,
DatasetA,6,0,50,,,,,,,0.1531417947470512,0.7165238706923958,0.3846120089100713,0.0,0.08747024962162486,0.09065102642749334,,,
DatasetA,6,1,1,0.11062963433232147,38.41277877544688,0.0039005568919343297,,,,0.13549797849518108,0.016095125953123013,0.3038104661949211,0.08811982994841516,0.0,0.4788084192942521,,,
DatasetA,6,1,10,,,,,,,0.16413217101634214,0.5088459644591454,0.30441394741051203,0.0807629069993645,0.0,0.08896172106482014,,,
DatasetA,6,1,50,,,,,,,0.17305801745268312,0.5915238605455475,0.3033025584104788,0.08688868655349369,0.0,0.08054743277838794,,,
DatasetA,6,2,1,0.10039716065374918,0.2811316820258619,206.99383458928554,,,,0.1514494462867436,0.027711223576601718,0.2348754578430961,0.0808441724718938,0.07643212831495982,0.0,,,
DatasetA,6,2,10,,,,,,,0.17290539255139828,0.2588459539742996,0.23533243406962917,0.08461855170070942,0.08725938530638544,0.0,,,
DatasetA,6,2,50,,,,,,,0.1818717707919792,0.34152385082977266,0.2350025380742354,0.08545311124367094,0.09295467257129308,0.0,,,
DatasetA,7,0,1,28.828729385682497,0.08439043400215138,0.11128225460349672,,,,0.18351675803311499,0.05908162790682858,0.3817713490172915,0.0,0.22493621097573846,0.12619203911877408,,,
DatasetA,7,0,10,,,,,,,0.18832844421219389,0.5674526404702036,0.3814338644775397,0.0,0.09401495631466572,0.09405660180349118,,,
DatasetA,7,0,50,,,,,,,0.18943768261363714,0.5737756452739637,0.37999606845310197,0.0,0.08758981396570054,0.08882888160658897,,,
DatasetA,7,1,1,0.006961575146108972,49.72742435727321,0.11470408388427368,,,,0.18181448428293928,0.14400555616205224,0.3020358291248195,0.08389237636144098,0.0,0.4729445961893328,,,
DatasetA,7,1,10,,,,,,,0.19797735093726446,0.44245762984212555,0.3017471547714904,0.08294299941811545,0.0,0.07547722940282364,,,
DatasetA,7,1,50,,,,,,,0.1924316976465569,0.4487806345792848,0.2999610401561328,0.09338899988088833,0.0,0.09107072771156677,,,
DatasetA,7,2,1,2.197783517199802,0.34114451135223706,202.32698551127487,,,,0.18178421561508526,0.0353947334779009,0.2359629660987294,0.07986689680112735,0.08005535936381314,0.0,,,
DatasetA,7,2,10,,,,,,,0.17705360584948132,0.3174476203663984,0.23572419146450463,0.0978074662457824,0.08026887391241022,0.0,,,
DatasetA,7,2,50,,,,,,,0.17880543544372246,0.32377062607262275,0.23445063839634886,0.08348954359962191,0.0890744727089694,0.0,,,
DatasetA,8,0,1,27.742286963877454,0.20306647026707245,0.2866107740495244,,,,0.23724059607578296,0.1464319812194036,0.38315501616820735,0.0,0.2197090186479982,0.12748082559572027,,,
DatasetA,8,0,10,,,,,,,0.2764289706978267,0.4286689750657461,0.383075963769399,0.0,0.08687465893927282,0.09394299700109032,,,
DatasetA,8,0,50,,,,,,,0.2741158062348701,0.4598571528511863,0.3836332364543231,0.0,0.08370004010108234,0.09755040249598723,,,
DatasetA,8,1,1,0.25262031281731273,48.79293946853649,0.038384678449967714,,,,0.24179165490091925,0.14364035815361342,0.3012568231831163,0.07843275446246567,0.0,0.4771240744290266,,,
DatasetA,8,1,10,,,,,,,0.2645186448970775,0.428658965844373,0.3013340917486035,0.09066032085420472,0.0,0.08645475005050107,,,
DatasetA,8,1,50,,,,,,,0.270796266822346,0.45984714355534634,0.3015028672143306,0.09093159477842683,0.0,0.080784138058136,,,
DatasetA,8,2,1,0.041304578457614885,2.1973400593875256,195.21573598219237,,,,0.233573406849697,0.02448029914880523,0.23585598751089304,0.07927972182933041,0.07168985285370288,0.0,,,
DatasetA,8,2,10,,,,,,,0.2586452457144307,0.30364895653260615,0.23603812905983118,0.07803642282351175,0.08300502354604511,0.0,,,
DatasetA,8,2,50,,,,,,,0.2619850004365993,0.33483713498650675,0.23637323742179647,0.08218275027823285,0.08725208645489646,0.0,,,
DatasetA,9,0,1,31.37730499809655,0.08425456211764258,0.029078943390441776,,,,0.16461516638304763,0.011836517049243267,0.389903857992848,0.0,0.2224077645731355,0.12545986419627475,,,
DatasetA,9,0,10,,,,,,,0.16761866963583816,0.5773339312435735,0.3895939110777341,0.0,0.09730334083278658,0.08548143996670454,,,
DatasetA,9,0,50,,,,,,,0.1646357641803522,0.587318351627493,0.3899372176172903,0.0,0.08497310894310006,0.07818506239719003,,,
DatasetA,9,1,1,0.027600966019385973,43.81228137511944,0.1955879435732795,,,,0.16423616362929344,0.13683253324284106,0.3051685954552853,0.08475385302779803,0.0,0.47385403036053964,,,
DatasetA,9,1,10,,,,,,,0.19790680889372064,0.4523339212389116,0.3047381927030545,0.09355819245344277,0.0,0.08514821236175818,,,
DatasetA,9,1,50,,,,,,,0.19882228760334006,0.46231834160646823,0.30487635347553876,0.0886901910763922,0.0,0.0888334086061664,,,
DatasetA,9,2,1,0.1775854827489179,0.0375778512112134,220.1338369140438,,,,0.1669321455127082,0.02756967011393774,0.23397161099432745,0.08502443079826705,0.07306739472636847,0.0,,,
DatasetA,9,2,10,,,,,,,0.16664811249286346,0.3273239123599215,0.23392516137919808,0.08072563636103824,0.08416449087874955,0.0,,,
DatasetA,9,2,50,,,,,,,0.1589934347299381,0.33730834431694356,0.23374270053227253,0.08260038096973021,0.08452184295281118,0.0,,,
DatasetB,0,0,1,26.499950053842205,0.020845613258272423,0.0006704320476508966,,,,0.12775816346670255,0.1358943687332882,0.39553818373723226,0.0,0.19998934457867334,0.14428023297520554,,,
DatasetB,0,0,10,,,,,,,0.13080927133877965,0.6782602340358075,0.3952590173391963,0.0,0.08856625807712071,0.08194477177798021,,,
DatasetB,0,0,50,,,,,,,0.13541499362043669,0.711653695284329,0.3945567467039466,0.0,0.0919596272563381,0.08504912140164844,,,
DatasetB,0,1,1,0.015379315316255082,70.01984153479377,0.16275557260104517,,,,0.1402309491553537,0.010889364343783181,0.32036313281937745,0.07971962135410382,0.0,0.2573997965310455,,,
DatasetB,0,1,10,,,,,,,0.15855817305867195,0.5532652234152897,0.3201685105249278,0.0808568223868904,0.0,0.08319700124498164,,,
DatasetB,0,1,50,,,,,,,0.16244091781505354,0.5866586845966125,0.3196032140959623,0.09775411759733688,0.0,0.08114205385885986,,,
DatasetB,0,2,1,0.3608835465139792,0.11876111883093392,90.01997142749434,,,,0.12047154393470662,0.0557918477741568,0.22928028513937337,0.07853884051844573,0.08347351674398706,0.0,,,
DatasetB,0,2,10,,,,,,,0.12460677924504612,0.4282552186952818,0.22901401711638958,0.08078509621547614,0.080027517956347,0.0,,,
DatasetB,0,2,50,,,,,,,0.1301342745391752,0.461648679784512,0.22909770026773266,0.08671728835796833,0.08544426768673086,0.0,,,
DatasetB,1,0,1,31.47151334951377,0.13930749756941008,0.027449673163821162,,,,0.11347640382693464,0.2623491495109139,0.399846574128614,0.0,0.19045200502921622,0.1364864132996968,,,
DatasetB,1,0,10,,,,,,,0.11143037775119291,0.8365656871272038,0.39926422662768335,0.0,0.09128761342358471,0.08056978001417914,,,
DatasetB,1,0,50,,,,,,,0.10793013466150983,0.8416729304614752,0.39901864229968503,0.0,0.09198639881783865,0.0832415186315969,,,
DatasetB,1,1,1,0.02461396786719768,62.91620660019952,0.6568617629317478,,,,0.11872555944278573,0.13734913950890826,0.32288138472452615,0.08768549696225914,0.0,0.2657138927871934,,,
DatasetB,1,1,10,,,,,,,0.12823056311577283,0.7115656771071399,0.32269049588574367,0.08687710766608348,0.0,0.08597092075126422,,,
DatasetB,1,1,50,,,,,,,0.12245413631294223,0.7166729203601462,0.32264822190103354,0.08832264466540929,0.0,0.08586009250181048,,,
DatasetB,1,2,1,0.027394877261713645,0.2510430154975938,105.77449977649572,,,,0.12197970475754571,0.04630261002802194,0.22785947482640748,0.08453638166941291,0.08616623110328958,0.0,,,
DatasetB,1,2,10,,,,,,,0.127788278966536,0.461565671221356,0.2277245335422664,0.08335186449485565,0.09001700132121737,0.0,,,
DatasetB,1,2,50,,,,,,,0.12631592058281305,0.4666729145306134,0.2272688981202552,0.08837859048378993,0.09099407822917449,0.0,,,
DatasetB,2,0,1,34.29756961037657,0.01730141494385641,0.0007168788244902136,,,,0.1606293556952617,0.129894849587897,0.39891665205412385,0.0,0.18563514010678706,0.1520887397922277,,,
DatasetB,2,0,10,,,,,,,0.15021819087867527,0.7088438061071778,0.3986006651359347,0.0,0.09456237602915873,0.08698010411581292,,,
DatasetB,2,0,50,,,,,,,0.1519198532029414,0.7122839091818801,0.3982515094470127,0.0,0.09472418743166289,0.09663676679488287,,,
DatasetB,2,1,1,0.09119663770447356,60.40762006775299,0.2712616348779926,,,,0.1752258117574174,0.004894839572760934,0.32063143672880595,0.07473331704660535,0.0,0.2546266187611006,,,
DatasetB,2,1,10,,,,,,,0.178145591419404,0.5838437960944256,0.32071484498419645,0.09265600707351185,0.0,0.0825915671310824,,,
DatasetB,2,1,50,,,,,,,0.18286156144775928,0.587283899069445,0.32018225090151126,0.07958694598205884,0.0,0.0911812607283835,,,
DatasetB,2,2,1,0.06704787481724343,0.1122362044638447,122.83708536248952,,,,0.1781517302592959,0.063651390762134,0.22847290052143757,0.07979045226619474,0.08666356402842013,0.0,,,
DatasetB,2,2,10,,,,,,,0.1834689694746724,0.33384378603733045,0.22844764663463746,0.08906403413280861,0.08442782317478859,0.0,,,
DatasetB,2,2,50,,,,,,,0.18523763892700024,0.3372839000020351,0.22822549155389624,0.09140472638439467,0.08355078732002985,0.0,,,
DatasetB,3,0,1,32.35278156244154,0.07621048896217002,0.013925497109493546,,,,0.18897824286607784,0.0055950408979416055,0.393806638318268,0.0,0.18191429780929846,0.1472770077467287,,,
DatasetB,3,0,10,,,,,,,0.17691924734243036,0.57159654785159,0.3942872129109336,0.0,0.08932050989510376,0.08158691013827246,,,
DatasetB,3,0,50,,,,,,,0.1785721855664369,0.5575032549855854,0.3949651669747417,0.0,0.08197789617902362,0.08828186845729213,,,
DatasetB,3,1,1,0.00044506908844340107,69.54487885874049,0.09522307191124252,,,,0.18347986198945432,0.11940097583068887,0.32346033441258554,0.0836860063983016,0.0,0.2608025616142289,,,
DatasetB,3,1,10,,,,,,,0.1876570281812524,0.44659653782756165,0.32374456393169476,0.08776922856171465,0.0,0.08743224283877371,,,
DatasetB,3,1,50,,,,,,,0.19453119181002723,0.4325032448803503,0.3238298214958666,0.08148698059535775,0.0,0.08089136451390866,,,
DatasetB,3,2,1,0.6935980653864816,0.7046652326766246,134.18696341776987,,,,0.12138438352545997,0.049275326076133386,0.2285955361761136,0.08032698785388215,0.08063446122304896,0.0,,,
DatasetB,3,2,10,,,,,,,0.1299287322153565,0.44657653388228985,0.22862846477450036,0.08865064964666747,0.08712940058233487,0.0,,,
DatasetB,3,2,50,,,,,,,0.13226676598802495,0.4324832409206648,0.2285178739413392,0.08414907956461315,0.08561553226719365,0.0,,,
DatasetB,4,0,1,33.977531550286315,0.0544501780401498,0.009823531782300315,,,,0.18013144962979666,0.03520764381208885,0.404935027144238,0.0,0.19946879920422123,0.14298853358843044,,,
DatasetB,4,0,10,,,,,,,0.1719690659634721,0.5804794288757302,0.40459018604206304,0.0,0.0868557218292545,0.07952500831861853,,,
DatasetB,4,0,50,,,,,,,0.18192266998498302,0.5822786840910259,0.405279236497632,0.0,0.08786042917854608,0.08627142508110142,,,
DatasetB,4,1,1,0.05733226451899189,63.708747734691634,0.20225565724434016,,,,0.16144489423931618,0.03518164128150503,0.3241833678246069,0.08154627923458646,0.0,0.24335649267688075,,,
DatasetB,4,1,10,,,,,,,0.16872340028339225,0.5804694196680328,0.32381110086828935,0.08972858294470587,0.0,0.09007776197189576,,,
DatasetB,4,1,50,,,,,,,0.15670777287234167,0.5822686747739148,0.3247147967000733,0.09361092352721068,0.0,0.09088749830866094,,,
DatasetB,4,2,1,0.11095929284266626,0.006718708555263013,101.48475056642638,,,,0.11912222536427328,0.0677434129244705,0.2268752352088399,0.08310363972004287,0.09922283624504802,0.0,,,
DatasetB,4,2,10,,,,,,,0.1242996963604768,0.45545941453274147,0.22690643964963886,0.08864404576697638,0.09681963523430914,0.0,,,
DatasetB,4,2,50,,,,,,,0.12653412850920356,0.4572586695730139,0.22736408732657834,0.09248906273400515,0.09011515093317968,0.0,,,
DatasetB,5,0,1,28.330688644877583,0.3668045488605182,0.0015561367936307,,,,0.22711683405909894,0.0035776545932848514,0.40025533590279183,0.0,0.18259158517283325,0.14634381285092002,,,
DatasetB,5,0,10,,,,,,,0.22787267793429114,0.5604928398387606,0.3999640854853438,0.0,0.08845290684537854,0.08940872727450211,,,
DatasetB,5,0,50,,,,,,,0.22720602033952375,0.5781777714447776,0.4001543485253197,0.0,0.08173869540965306,0.09286865337480599,,,
DatasetB,5,1,1,0.4387075056409144,63.872624806276384,0.23070621741002956,,,,0.23121384435541295,0.11530583883320433,0.3244022250766798,0.08043283861938555,0.0,0.25636918394243824,,,
DatasetB,5,1,10,,,,,,,0.27276556682941266,0.4354928298147036,0.3240190789356501,0.0936254959985594,0.0,0.08722721658684707,,,
DatasetB,5,1,50,,,,,,,0.24155601079554162,0.45317776125461706,0.3235580283950147,0.08502815875879532,0.0,0.0907888953128606,,,
DatasetB,5,2,1,0.0030736296614141934,0.00016655391411275476,96.43872141180067,,,,0.22214609685793515,0.04789390600425858,0.2267711030203532,0.08565856419728846,0.08716342338418892,0.0,,,
DatasetB,5,2,10,,,,,,,0.2398729118868686,0.31048281976729947,0.2264288838761477,0.08451765189886018,0.08081361768513595,0.0,,,
DatasetB,5,2,50,,,,,,,0.24438368720827947,0.3281677627415285,0.22552623502600017,0.08934063430381389,0.09015128534872252,0.0,,,
DatasetB,6,0,1,29.042034972078568,0.08384310814726527,0.008504265993716745,,,,0.12315374901681594,0.16374738860539384,0.3931095761737154,0.0,0.18693916530111943,0.1489825067572348,,,
DatasetB,6,0,10,,,,,,,0.13966930252278423,0.6575167015272575,0.39375120866673524,0.0,0.0872640760969321,0.0931409822641518,,,
DatasetB,6,0,50,,,,,,,0.14379086053245843,0.7117392355106544,0.3927145487423781,0.0,0.09205173892124874,0.08233233574149112,,,
DatasetB,6,1,1,0.16184264136741988,53.574319273881535,0.0013625020703937792,,,,0.1262601033569754,0.03874737861419164,0.32479760852101414,0.08770932769285955,0.0,0.26697575206367885,,,
DatasetB,6,1,10,,,,,,,0.16444267536254437,0.5325166914928974,0.3254221607234761,0.0843259507014067,0.0,0.09358487020440709,,,
DatasetB,6,1,50,,,,,,,0.1698025577788682,0.5867392253638062,0.32443398137570023,0.0891267863348375,0.0,0.09145562527620044,,,
DatasetB,6,2,1,0.012768725039596073,0.2761632126312057,107.89115067268096,,,,0.13263767685090883,0.0405319963669325,0.22791186136252656,0.08588150387902993,0.0896069488350748,0.0,,,
DatasetB,6,2,10,,,,,,,0.16463859205735906,0.28251668117131856,0.22834910104257097,0.0834976782924346,0.0906365971756471,0.0,,,
DatasetB,6,2,50,,,,,,,0.17043702627515397,0.3367392153286352,0.2278146511364496,0.08557723123379857,0.08311534818483768,0.0,,,
DatasetB,7,0,1,29.132738905232507,0.06584565942821759,0.08152562101884771,,,,0.19861346771282556,0.010023053447161479,0.39140435684338903,0.0,0.19219811705621104,0.13722466447327997,,,
DatasetB,7,0,10,,,,,,,0.1794837806906615,0.5629980799509589,0.3910778053288364,0.0,0.09840019286010104,0.09483223519945971,,,
DatasetB,7,0,50,,,,,,,0.17958094624074541,0.576711475243967,0.38968318896531806,0.0,0.08237996815201543,0.08348368492674352,,,
DatasetB,7,1,1,0.014265831100532743,70.65338380038958,0.13839217836328985,,,,0.18226009457627987,0.11091041927894552,0.31989241055669887,0.08634503459303056,0.0,0.2536491808482788,,,
DatasetB,7,1,10,,,,,,,0.20775075962993977,0.43799806992001167,0.31963245655722156,0.09570925741696668,0.0,0.08147505417231837,,,
DatasetB,7,1,50,,,,,,,0.1997904567397011,0.4517114651463707,0.3181079965068194,0.09395788039434727,0.0,0.09475819257453066,,,
DatasetB,7,2,1,1.1330758833535917,0.13389984044715322,104.7959954156561,,,,0.16111430876706032,0.04182861439784846,0.22977432525618458,0.08180875587499847,0.09008951039451318,0.0,,,
DatasetB,7,2,10,,,,,,,0.1704738240062659,0.31298806000919327,0.22952145100349908,0.08918066685090587,0.08428328160313159,0.0,,,
DatasetB,7,2,50,,,,,,,0.172123731250906,0.3267014561931928,0.2283360053635346,0.08560537152805203,0.09150806386647181,0.0,,,
DatasetB,8,0,1,27.791049854302837,0.23447985904710725,0.32625169459950965,,,,0.22876654672105734,0.002139152311887438,0.39452158920378355,0.0,0.18702720854117016,0.15303000298752023,,,
DatasetB,8,0,10,,,,,,,0.24075416972906377,0.5557951520673324,0.3944274820656901,0.0,0.08012357208922039,0.09434907286934102,,,
DatasetB,8,0,50,,,,,,,0.23509581940743043,0.5767488240165569,0.39499023869702493,0.0,0.08576231398808387,0.08449667865392474,,,
DatasetB,8,1,1,0.3972451271695879,68.8957111908065,0.046095664854767196,,,,0.2330181668502093,0.11999527711506164,0.32057607867261145,0.07980435623049953,0.0,0.2593073215828783,,,
DatasetB,8,1,10,,,,,,,0.26037627004735914,0.43079514204320957,0.3206421759795798,0.09093780799723605,0.0,0.0836501344502052,,,
DatasetB,8,1,50,,,,,,,0.27525156566478304,0.45174881391792104,0.3209051182174576,0.08663173279662262,0.0,0.09007162339362962,,,
DatasetB,8,2,1,0.012629694372918908,1.2218097664835517,103.62031396221644,,,,0.21279942738298896,0.04174123258065099,0.22882985194239613,0.08595094603893672,0.08030369110140279,0.0,,,
DatasetB,8,2,10,,,,,,,0.24509178324103706,0.30578513254762585,0.22891648695862937,0.09031360859457038,0.09049625050097276,0.0,,,
DatasetB,8,2,50,,,,,,,0.2534976170099119,0.32673880534426447,0.228943522786966,0.08546787306983106,0.09425919335723476,0.0,,,
DatasetB,9,0,1,31.3487186036874,0.06997796706685905,0.025441673248613537,,,,0.16047198144301703,0.027916708235467325,0.4058279520788435,0.0,0.18635347299188587,0.14846979604880373,,,
DatasetB,9,0,10,,,,,,,0.1763758771296074,0.5764891017416263,0.40541842134084216,0.0,0.0928780126011084,0.09765237466203702,,,
DatasetB,9,0,50,,,,,,,0.16383619505503,0.5810563440058755,0.40554984615022716,0.0,0.08929135741766325,0.08690528688080024,,,
DatasetB,9,1,1,0.04635782757808114,60.67428978657674,0.22881942818706055,,,,0.17234385480253803,0.09707930795813047,0.3268816620469983,0.07917763303416536,0.0,0.26771320355827255,,,
DatasetB,9,1,10,,,,,,,0.20914061535616102,0.45148909173696444,0.3267854762780616,0.09578221495051853,0.0,0.08930697231993356,,,
DatasetB,9,1,50,,,,,,,0.20438434903790964,0.4560563339848506,0.3267053532148011,0.0874878299115851,0.0,0.07841699355761733,,,
DatasetB,9,2,1,0.08796330583379473,0.009769061991011732,115.6729652052352,,,,0.15906313192140556,0.04739206886100411,0.22627562310491017,0.08448401062874988,0.08460343355012623,0.0,,,
DatasetB,9,2,10,,,,,,,0.1678447877741847,0.3264790823953127,0.22638177550559438,0.08531773925376473,0.08612170233346683,0.0,,,
DatasetB,9,2,50,,,,,,,0.1616822088044562,0.3310463344901569,0.22639842940755783,0.09280754663344926,0.08704009737453156,0.0,,,
DatasetC,0,0,1,90.59822429539551,0.0084460321917842,0.0005981777293799571,,,,0.08445333424113545,0.5053411386369654,0.49631240658319287,0.0,0.08612499306669186,0.08345534199314475,,,
DatasetC,0,0,10,,,,,,,0.06486654526384505,0.823665393011419,0.495989736723481,0.0,0.10150467204239133,0.08601158423085886,,,
DatasetC,0,0,50,,,,,,,0.06191583343172499,0.8277297647114408,0.4957663602774286,0.0,0.08628749260592894,0.08504920995998555,,,
DatasetC,0,1,1,0.03466381743772136,70.92032562772056,0.013496357097856307,,,,0.09230876177510583,0.38034112863496194,0.3781735532851759,0.0859029948833725,0.0,0.0782958378147014,,,
DatasetC,0,1,10,,,,,,,0.0896551406648036,0.698665382991379,0.3777320114887482,0.08236472962298214,0.0,0.11597155414089766,,,
DatasetC,0,1,50,,,,,,,0.09520262703891852,0.7027297546104319,0.3777225581866245,0.08298276605595012,0.0,0.08829244356545018,,,
DatasetC,0,2,1,0.015190448992676079,0.04664727168339054,73.00822437143061,,,,0.08477066779554712,0.13034112065014325,0.2159366005366789,0.09235370100849716,0.08970688832900109,0.0,,,
DatasetC,0,2,10,,,,,,,0.11131101710102775,0.44866537498886366,0.21602992333345689,0.08046747492450645,0.07614930053974378,0.0,,,
DatasetC,0,2,50,,,,,,,0.10983043343406693,0.45272974654211884,0.21560393438329173,0.08583595656988585,0.09289740994321916,0.0,,,
DatasetC,1,0,1,115.74522320251543,0.33923203232156796,0.06184213413779502,,,,0.08463938050876796,0.48689199717299675,0.5051411218300336,0.0,0.09186244218450623,0.07731246110800782,,,
DatasetC,1,0,10,,,,,,,0.0607778586003489,0.810765177119643,0.5055532504991078,0.0,0.10033338325901875,0.09085312850912608,,,
DatasetC,1,0,50,,,,,,,0.05911449898233912,0.8398764930955107,0.5063028513625778,0.0,0.07989741174111575,0.09158645513623354,,,
DatasetC,1,1,1,0.005660718001414697,62.39021289966811,0.3353055363106178,,,,0.09270472979853535,0.3618919871709932,0.38789252454598633,0.0924374775561545,0.0,0.0846815331481987,,,
DatasetC,1,1,10,,,,,,,0.09248027021774027,0.685765167099539,0.3881339581490659,0.09060733641892416,0.0,0.10823804062115627,,,
DatasetC,1,1,50,,,,,,,0.09578604988527836,0.7148764829943524,0.3888845898858041,0.09260849728547704,0.0,0.08401577283498973,,,
DatasetC,1,2,1,0.03244597085341841,0.13181138361364794,84.80607040569478,,,,0.08358978512877559,0.11189197916977345,0.2158540690283176,0.08553462527372391,0.08942173043392643,0.0,,,
DatasetC,1,2,10,,,,,,,0.11381335282763758,0.43576515908401225,0.21625648127633976,0.08197696632801676,0.0891103042824537,0.0,,,
DatasetC,1,2,50,,,,,,,0.10604430963032754,0.46487647491371314,0.21644441148730464,0.08917752649296506,0.07934688560707892,0.0,,,
DatasetC,2,0,1,116.92825133261462,0.18474625330110156,0.03421468222899246,,,,0.08597854931180707,0.4560263281776311,0.49404321107492877,0.0,0.09209436375964497,0.08789470007083633,,,
DatasetC,2,0,10,,,,,,,0.06202821928274414,0.7992275327403577,0.49387302117516896,0.0,0.09747827065349135,0.08914479618269988,,,
DatasetC,2,0,50,,,,,,,0.0638718789898895,0.8364846066027875,0.4933091341743444,0.0,0.0806126106302898,0.08279313962047796,,,
DatasetC,2,1,1,0.09754881948163853,62.63185643156014,0.1529850384997857,,,,0.08971990669505182,0.3310263181756278,0.37790994632270625,0.08049881912002954,0.0,0.09015678928387594,,,
DatasetC,2,1,10,,,,,,,0.09250460280288914,0.6742275227202535,0.3778687526842214,0.08635025471203495,0.0,0.11079805689743694,,,
DatasetC,2,1,50,,,,,,,0.10033678505926397,0.7114845965017849,0.37802571285267395,0.08210483323436835,0.0,0.08968369193552705,,,
DatasetC,2,2,1,0.031133185051096995,0.10970474908473844,90.31548676891191,,,,0.0815593521423673,0.08102631017449113,0.21564588208948202,0.08622487572627646,0.07949237315900426,0.0,,,
DatasetC,2,2,10,,,,,,,0.11125753834559592,0.4242275147045178,0.2155279369170999,0.08838254566324855,0.08514677253433511,0.0,,,
DatasetC,2,2,50,,,,,,,0.10860934136938438,0.46148458842156775,0.21567567999852416,0.08199663832197279,0.0845032375392587,0.0,,,
DatasetC,3,0,1,116.03070784409326,0.8629771410615656,0.00042348908289378795,,,,0.08158875077814035,0.48933164880539004,0.49930154222844536,0.0,0.09228610755185285,0.09234059259534266,,,
DatasetC,3,0,10,,,,,,,0.060075508442266994,0.8112917043661111,0.4992673193701585,0.0,0.09453528697455527,0.08036166636993203,,,
DatasetC,3,0,50,,,,,,,0.06272763893828233,0.8317593032759032,0.5004621129805337,0.0,0.08072304426611243,0.08241459596519807,,,
DatasetC,3,1,1,0.06176572282601693,64.51591728270347,0.04522392326025369,,,,0.090130461141424,0.3643316388033867,0.37886398700761514,0.08480597339761697,0.0,0.08461117405437557,,,
DatasetC,3,1,10,,,,,,,0.09013790397945859,0.6862916943460673,0.37885885432803457,0.08054334753458336,0.0,0.10523012301124757,,,
DatasetC,3,1,50,,,,,,,0.0963534971683858,0.7067592931747247,0.3795101048029095,0.08657879172068217,0.0,0.08381298958470662,,,
DatasetC,3,2,1,0.07785088988261232,0.09468473873775868,87.9704456717429,,,,0.08253510001149086,0.11433163080712055,0.21582740541054946,0.09105158452321538,0.08965557786554257,0.0,,,
DatasetC,3,2,10,,,,,,,0.11343606598091835,0.4362916863347448,0.21595726418947025,0.08120659160108312,0.07553787229493736,0.0,,,
DatasetC,3,2,50,,,,,,,0.1094504004360059,0.4567592851005124,0.21608159957888134,0.08222262635621735,0.08817767175746116,0.0,,,
DatasetC,4,0,1,131.49481385803807,0.35773724810141516,0.029536337821039944,,,,0.08279899635597152,0.46749770813198904,0.4959811804340225,0.0,0.08464413252648662,0.08524696124446907,,,
DatasetC,4,0,10,,,,,,,0.06456237131510381,0.810241374911683,0.49598192347226316,0.0,0.10254448686919515,0.08890726500106672,,,
DatasetC,4,0,50,,,,,,,0.06440867553340304,0.8330357760559058,0.4953482758486387,0.0,0.08447433874175081,0.08538145653482365,,,
DatasetC,4,1,1,0.09006662952812758,62.81518661856122,0.09614709280726977,,,,0.08558032592246556,0.34249769812999126,0.3817226309428705,0.0911187296985636,0.0,0.08319132019696207,,,
DatasetC,4,1,10,,,,,,,0.0932001188734757,0.6852413648916296,0.38175243393890246,0.08480421121479154,0.0,0.11071164689473889,,,
DatasetC,4,1,50,,,,,,,0.09631378408427173,0.708035765954893,0.38136781383048307,0.07796916452701685,0.0,0.08900968290649525,,,
DatasetC,4,2,1,0.00168027480704457,0.06019531894896222,77.72899062673667,,,,0.08321519595551645,0.09249769012841336,0.21582779477249453,0.08061030801859781,0.08782549552283037,0.0,,,
DatasetC,4,2,10,,,,,,,0.11077965017774465,0.43524135687544985,0.21580144593466466,0.08187963609007776,0.08427915708688438,0.0,,,
DatasetC,4,2,50,,,,,,,0.10877235864317537,0.45803575787374423,0.21540729566884223,0.089143123848197,0.08000525651158163,0.0,,,
DatasetC,5,0,1,104.76494214071624,1.5568897376991078,0.25347661633471025,,,,0.0831057214691796,0.5013489975177573,0.5022325833112924,0.0,0.09260878560604535,0.08233664247585448,,,
DatasetC,5,0,10,,,,,,,0.06106893828256176,0.8087345836240276,0.5019921062951623,0.0,0.09869835183010434,0.08600488495428271,,,
DatasetC,5,0,50,,,,,,,0.05951749720482561,0.8448634392244175,0.5017495825141657,0.0,0.08269821245912556,0.0805401294783703,,,
DatasetC,5,1,1,0.31882071504664794,61.467308228207195,0.3458706947732931,,,,0.09223071861790735,0.37634898751575807,0.3825050780216952,0.08877184313376407,0.0,0.08098733716311823,,,
DatasetC,5,1,10,,,,,,,0.09225564889572291,0.6837345736039847,0.38215149015947536,0.07667077516584708,0.0,0.10113499333408793,,,
DatasetC,5,1,50,,,,,,,0.09560627479795229,0.7198634291234104,0.3819195411410852,0.08592792131281213,0.0,0.08870702189281987,,,
DatasetC,5,2,1,0.052003544148820094,0.01141432251168551,73.04127828253746,,,,0.08634865495012485,0.12634897951713886,0.21573577433739158,0.08971888463281763,0.0874258929078664,0.0,,,
DatasetC,5,2,10,,,,,,,0.11266621145895171,0.43373456559026274,0.21584664177647522,0.08193858560508716,0.08976425394937593,0.0,,,
DatasetC,5,2,50,,,,,,,0.10780313818507252,0.46986342104450496,0.21550550166105037,0.08242651315201144,0.08790065608028996,0.0,,,
DatasetC,6,0,1,99.34156440211424,1.3101396288778868,0.09809471123200271,,,,0.08402682867974812,0.4782498324667717,0.4869686101902868,0.0,0.08405226643027186,0.08164287659067249,,,
DatasetC,6,0,10,,,,,,,0.06460583827454525,0.8025050997238009,0.4871233636947476,0.0,0.09692770845487786,0.08747094740581529,,,
DatasetC,6,0,50,,,,,,,0.06793631299635684,0.8340575015282058,0.48617407305485705,0.0,0.08670447265509429,0.09090208072553052,,,
DatasetC,6,1,1,0.0383063918620183,50.241671238925655,0.0013876029623914234,,,,0.09399640071491713,0.3532498224647687,0.37438576053806044,0.08900610958455468,0.0,0.08855881581103464,,,
DatasetC,6,1,10,,,,,,,0.0908136256196692,0.677505089703757,0.3743243809658047,0.08307006336041622,0.0,0.10808925471791975,,,
DatasetC,6,1,50,,,,,,,0.09534649963657861,0.7090574914271924,0.37381251337544363,0.09602948415736856,0.0,0.09643935170249884,,,
DatasetC,6,2,1,0.2035735956687758,0.4388357342893256,84.68385562785059,,,,0.08556509535329843,0.10324981446480164,0.21580338876451405,0.0859408496074181,0.08461221216168324,0.0,,,
DatasetC,6,2,10,,,,,,,0.10711090846528605,0.4275050816884469,0.21590991685132227,0.08769045814647347,0.09572705772148771,0.0,,,
DatasetC,6,2,50,,,,,,,0.10633043246455308,0.4590574833480473,0.21499524046886861,0.08738761579701748,0.08239415743857226,0.0,,,
DatasetC,7,0,1,102.66915615936502,1.3422674540234036,0.039134412262123386,,,,0.08599897120057212,0.48364100047027797,0.49345737396149536,0.0,0.0904855369731874,0.09112868793184248,,,
DatasetC,7,0,10,,,,,,,0.06563439408436168,0.8056396465667907,0.49357258993534264,0.0,0.09291059491986253,0.09084010821771749,,,
DatasetC,7,0,50,,,,,,,0.0666958862612417,0.8400765340990032,0.4931500185853753,0.0,0.08710885689544234,0.09163327102172625,,,
DatasetC,7,1,1,0.07934012162974366,68.47805987240466,0.015334402142221204,,,,0.09515366659259053,0.35864099046827397,0.37929758545333747,0.08066637866398585,0.0,0.08321884433390059,,,
DatasetC,7,1,10,,,,,,,0.09542060145071182,0.6806396365467513,0.37987730050615515,0.0811176356882286,0.0,0.10350317356151839,,,
DatasetC,7,1,50,,,,,,,0.09712463056820547,0.7150765239978453,0.37938074205738115,0.09294693935147036,0.0,0.09280116835992835,,,
DatasetC,7,2,1,0.928786582943987,0.019292502922995555,83.87691050780894,,,,0.08518463511946747,0.1086409824717649,0.2157586081266874,0.08404980739155965,0.0917064459947694,0.0,,,
DatasetC,7,2,10,,,,,,,0.11208737694129725,0.43063962853478444,0.21606287994253706,0.07879247791723909,0.08135563374405841,0.0,,,
DatasetC,7,2,50,,,,,,,0.10745474563919431,0.46507651592097693,0.2159147049224448,0.0902935862527765,0.08954986088470163,0.0,,,
DatasetC,8,0,1,113.12273520443571,0.7926177668807308,1.18605926955201,,,,0.09102606833822172,0.46477597682978156,0.4928858536726563,0.0,0.07896614534594182,0.08447594547190551,,,
DatasetC,8,0,10,,,,,,,0.06364206398528285,0.813587808232821,0.49262239154756,0.0,0.11318378180236399,0.08534194459556943,,,
DatasetC,8,0,50,,,,,,,0.0687468374586872,0.835852765848442,0.49246160279790707,0.0,0.08623416309806098,0.0850407846478527,,,
DatasetC,8,1,1,0.0863812889563868,67.61908136825289,0.13535439659344953,,,,0.10022375899672964,0.3397759668277778,0.37853601899083666,0.08736677400692328,0.0,0.08446855712944856,,,
DatasetC,8,1,10,,,,,,,0.09004421942236265,0.6885877982127809,0.3780939411900638,0.08220154699084192,0.0,0.1012784201125414,,,
DatasetC,8,1,50,,,,,,,0.09998433298566156,0.7108527557474482,0.3777584734628685,0.09191836254800112,0.0,0.08530697222973904,,,
DatasetC,8,2,1,0.14969511782823416,0.3206662633983634,79.96105360967674,,,,0.08679591821851727,0.08977595882966227,0.21563204529968596,0.08423534607908367,0.08578035963237696,0.0,,,
DatasetC,8,2,10,,,,,,,0.10942238569294155,0.4385877901984575,0.21530990847478484,0.0898218442927341,0.08343781081336532,0.0,,,
DatasetC,8,2,50,,,,,,,0.10813331857072478,0.46085274766887485,0.21487832106880195,0.09467199319433472,0.09407295164424845,0.0,,,
DatasetC,9,0,1,125.03123467228065,0.6314422514418745,0.0015980357096189164,,,,0.08223728527883498,0.4800686412341316,0.4969007186454067,0.0,0.08900219553089261,0.07867903417686861,,,
DatasetC,9,0,10,,,,,,,0.06077902827718708,0.8003206319655111,0.49738263800940413,0.0,0.08798622250884591,0.08613405819065623,,,
DatasetC,9,0,50,,,,,,,0.061877229808037754,0.8291132284451235,0.4975575182028422,0.0,0.07899778405184676,0.0874962879542922,,,
DatasetC,9,1,1,0.2671894951444086,62.44438630165782,0.16341219182598615,,,,0.08860450415128096,0.35506863123213206,0.373703621526719,0.0862314216711404,0.0,0.09353566963044235,,,
DatasetC,9,1,10,,,,,,,0.09503377544584393,0.675320621945437,0.37389467416275196,0.08437932588156327,0.0,0.10439065506362466,,,
DatasetC,9,1,50,,,,,,,0.09510340175076984,0.7041132183440335,0.3744564440646425,0.09174808456204664,0.0,0.08395581320335888,,,
DatasetC,9,2,1,0.0051171008529813,0.002659237510736266,88.0393741353238,,,,0.08397542513961712,0.10506862323179844,0.21583415424573557,0.0828938180010157,0.08233512587816483,0.0,,,
DatasetC,9,2,10,,,,,,,0.11297527841391211,0.4253206139305043,0.21584023387351878,0.08178329163175935,0.09063574657040396,0.0,,,
DatasetC,9,2,50,,,,,,,0.10637421860032187,0.45411321026489426,0.21614110771599973,0.08279856811213593,0.08467826398121892,0.0,,,
DatasetD,0,0,1,87.69391954718347,5.724123755853401,34.31822904373974,,,,0.07820322484084599,0.5180762134938983,0.49540206933302827,0.0,0.08833922308701592,0.0879292611994913,,,
DatasetD,0,0,10,,,,,,,0.0636058052953571,0.8063040797361092,0.4951162272047656,0.0,0.11236927706588684,0.08987300754323035,,,
DatasetD,0,0,50,,,,,,,0.06259802428617854,0.8274683138949549,0.4944283635139599,0.0,0.08552891735902302,0.08447616023544402,,,
DatasetD,0,1,1,0.4801766366613356,67.41123431772958,154.93881422348204,,,,0.09051993746058665,0.39307620349189487,0.37955154942397396,0.08972619463052389,0.0,0.08692139265011134,,,
DatasetD,0,1,10,,,,,,,0.09734186402371853,0.6813040697160693,0.379180536333715,0.08382046513509378,0.0,0.08921350652019333,,,
DatasetD,0,1,50,,,,,,,0.09633797663665722,0.702468303793946,0.37885878280524854,0.08366599428449639,0.0,0.08491645562892103,,,
DatasetD,0,2,1,0.10595345937993693,0.012071002690193108,64.9482910858514,,,,0.0925742138924354,0.1430761955036861,0.2159207414465486,0.0842919849428112,0.08104465290546958,0.0,,,
DatasetD,0,2,10,,,,,,,0.10669977283629527,0.43130406171175795,0.21573651314494785,0.09040959678300409,0.08666177519813933,0.0,,,
DatasetD,0,2,50,,,,,,,0.10720072222245658,0.4524682957210947,0.21576567326519908,0.08215723470313341,0.08065795044696555,0.0,,,
DatasetD,1,0,1,112.9089717571384,2.112674731569105,44.51362780811337,,,,0.07704929056409253,0.5074198233019955,0.5013320037733028,0.0,0.08968055903066396,0.09414480924378532,,,
DatasetD,1,0,10,,,,,,,0.06354149158927638,0.8150966712539778,0.5012677075883888,0.0,0.10987251655029207,0.08650716073486997,,,
DatasetD,1,0,50,,,,,,,0.05977212586076707,0.8338457850395045,0.5013329637295229,0.0,0.0858444068648403,0.08333543852055314,,,
DatasetD,1,1,1,0.008983306216087159,78.93109899333874,187.4819454594374,,,,0.08949578972638242,0.382419813299992,0.38251493626383937,0.08149631016019265,0.0,0.08606261606370769,,,
DatasetD,1,1,10,,,,,,,0.09709264179104563,0.6900966612338738,0.38237123931146383,0.08661713170651808,0.0,0.08907968516645459,,,
DatasetD,1,1,50,,,,,,,0.09344066390673658,0.7088457749383461,0.38263082801504444,0.08392356025078485,0.0,0.08361385337490157,,,
DatasetD,1,2,1,0.029078061706791006,0.29093559041119205,84.52870173190578,,,,0.09147523237996072,0.13241980538421705,0.21574076855710955,0.09811922019385522,0.08929534012325835,0.0,,,
DatasetD,1,2,10,,,,,,,0.10915079060078425,0.44009665328621844,0.2157984026989714,0.08356390822202009,0.08074639751079449,0.0,,,
DatasetD,1,2,50,,,,,,,0.11021548362564035,0.4588457669258771,0.21547737161500996,0.09314549822915241,0.08532864384713923,0.0,,,
DatasetD,2,0,1,122.45820684081589,4.828607706416932,50.35605145874589,,,,0.07341722187357869,0.5207296373390364,0.49891510688499224,0.0,0.08269200286299538,0.08337739688540857,,,
DatasetD,2,0,10,,,,,,,0.061526666032591174,0.8239458756054532,0.49910600985056974,0.0,0.11180614609171524,0.08361116469084084,,,
DatasetD,2,0,50,,,,,,,0.06415168822122909,0.8341800719723992,0.4984190609488558,0.0,0.09259940149747914,0.08200569872456143,,,
DatasetD,2,1,1,0.023988154134617648,71.64831817376181,214.92407860924007,,,,0.08734914646225725,0.39572962733703315,0.3802287674771,0.08141983601478175,0.0,0.09317893209635075,,,
DatasetD,2,1,10,,,,,,,0.0967754113236675,0.698945865585349,0.3803698717522144,0.08474330218836235,0.0,0.09215779032841276,,,
DatasetD,2,1,50,,,,,,,0.09732004037928296,0.7091800618713966,0.38001058816678424,0.09045163783730814,0.0,0.08606901693603719,,,
DatasetD,2,2,1,0.004728368042594981,0.26542621280334394,96.0412534386665,,,,0.08814535949601111,0.14572961936542028,0.21591038430277687,0.08956528354077475,0.08425342705051797,0.0,,,
DatasetD,2,2,10,,,,,,,0.11220558045486191,0.44894585759526684,0.21590272913552305,0.08838620313489587,0.09328413745042541,0.0,,,
DatasetD,2,2,50,,,,,,,0.10793235984272889,0.45918005381337085,0.21568535185591473,0.09026462038177341,0.08200338349794656,0.0,,,
DatasetD,3,0,1,101.10565835513286,1.7492679426124438,51.75885478478488,,,,0.07672829149774817,0.5171069077313446,0.5001753506347506,0.0,0.08808188960416397,0.08522680067914257,,,
DatasetD,3,0,10,,,,,,,0.061257920705617586,0.8191578272147643,0.49997506398632474,0.0,0.10918172318261554,0.09354727272652719,,,
DatasetD,3,0,50,,,,,,,0.06413126790411083,0.8445039600732619,0.5004579730229533,0.0,0.08335983006762682,0.09300785975304482,,,
DatasetD,3,1,1,1.440317347477189,77.54123044305335,232.7106551869239,,,,0.0924599040169346,0.39210689772934126,0.3799868701416559,0.08763010850539743,0.0,0.0880057289003977,,,
DatasetD,3,1,10,,,,,,,0.09874452919411383,0.6941578171947205,0.37971882478861757,0.08046656659243112,0.0,0.08996167755816131,,,
DatasetD,3,1,50,,,,,,,0.09961113023653281,0.7195039499720834,0.3800719537838182,0.08612494850516716,0.0,0.09148295278247653,,,
DatasetD,3,2,1,0.6933191786642645,0.15363864139518504,92.8938722111411,,,,0.09273185258278183,0.1421068898018873,0.2156918934436703,0.08527898106067422,0.08863764063490587,0.0,,,
DatasetD,3,2,10,,,,,,,0.11008570701894316,0.44415780923739073,0.21568881911017757,0.08879524416031659,0.08196169399439857,0.0,,,
DatasetD,3,2,50,,,,,,,0.11385611719084861,0.46950394195156353,0.21538973744491674,0.08788356066554615,0.08538327826449521,0.0,,,
DatasetD,4,0,1,128.61035647216372,8.447536567546004,42.44727134152375,,,,0.07855634375067364,0.5078733985168367,0.4971160478091322,0.0,0.08947810141891122,0.08245304575522239,,,
DatasetD,4,0,10,,,,,,,0.06581411731606322,0.8062687630615771,0.4971106585436067,0.0,0.1109945455422463,0.08514748256832583,,,
DatasetD,4,0,50,,,,,,,0.06440080039825592,0.8365170322014097,0.49619417393681364,0.0,0.08294740496104813,0.07731821832473962,,,
DatasetD,4,1,1,0.21899552230786862,59.76056333498038,189.22012559445116,,,,0.08724010107202357,0.3828733885148388,0.3816377046963426,0.08675092388423922,0.0,0.08431919392969212,,,
DatasetD,4,1,10,,,,,,,0.09902782712802832,0.6812687530415236,0.381647173360017,0.0807797157504404,0.0,0.08922023002942314,,,
DatasetD,4,1,50,,,,,,,0.09561469187035591,0.711517022100397,0.3806369730286278,0.08110101933582836,0.0,0.092357913456933,,,
DatasetD,4,2,1,0.01209103274756909,0.005430779422982139,78.3743864294901,,,,0.09028660226322946,0.1328733805602676,0.2159333445440697,0.08063192731815727,0.09105471597539072,0.0,,,
DatasetD,4,2,10,,,,,,,0.11009746691676861,0.4312687450623608,0.21573726203430352,0.0889554960337966,0.09362828366625298,0.0,,,
DatasetD,4,2,50,,,,,,,0.11015505659633969,0.46151701405252377,0.21549528358083425,0.08649337453831896,0.08661306160695359,0.0,,,
DatasetD,5,0,1,96.32594793349854,1.4251825243803475,40.56442949745398,,,,0.07834307776623144,0.5235968075766715,0.5062588543998028,0.0,0.08619303396654177,0.08344342980942887,,,
DatasetD,5,0,10,,,,,,,0.060534218395666195,0.818015260993244,0.5060328741378262,0.0,0.10529650731932083,0.08589304102805873,,,
DatasetD,5,0,50,,,,,,,0.061171056008383344,0.8329534586462786,0.5058371448407204,0.0,0.0906169610534513,0.08964460721249701,,,
DatasetD,5,1,1,0.38880291646843035,59.46878756139133,177.41332597813158,,,,0.0955457004265811,0.3985967975746722,0.38120605776599814,0.08859606723077817,0.0,0.09375442017275004,,,
DatasetD,5,1,10,,,,,,,0.10066392897179097,0.693015250973201,0.38086261539309585,0.08310538209586182,0.0,0.0892776159028954,,,
DatasetD,5,1,50,,,,,,,0.09754777278817175,0.7079534485452714,0.380807772212874,0.08473636880910362,0.0,0.08571275865241468,,,
DatasetD,5,2,1,0.009437971381934912,0.03915379943193478,72.21355190716834,,,,0.09229853765649217,0.14859678964874584,0.215837125919428,0.08907801810562033,0.0846765085800647,0.0,,,
DatasetD,5,2,10,,,,,,,0.10962242180667925,0.44301524301612866,0.21589940943208452,0.0881792756505444,0.08942083879681295,0.0,,,
DatasetD,5,2,50,,,,,,,0.10886353369944761,0.4579534405233164,0.2162436994851153,0.0874065719918593,0.08976124271196495,0.0,,,
DatasetD,6,0,1,107.01927131666334,10.97335392842853,39.750163613889555,,,,0.08053042012721892,0.4871626292027246,0.49322811144377127,0.0,0.08783885940705582,0.08712554566147057,,,
DatasetD,6,0,10,,,,,,,0.06538785176524384,0.7922139416327478,0.49316181638932327,0.0,0.11459153166579261,0.08210463059261341,,,
DatasetD,6,0,50,,,,,,,0.06168267492012445,0.8403160636305544,0.49261969198729993,0.0,0.09056675571684769,0.08608265620842426,,,
DatasetD,6,1,1,0.10649580935426509,41.0889033648992,185.0633562183936,,,,0.09059867337016289,0.36216261920072157,0.3792802113260753,0.08683512845581465,0.0,0.08946350055864949,,,
DatasetD,6,1,10,,,,,,,0.10020689884033482,0.6672139316127039,0.37905867683837496,0.08462637069832368,0.0,0.08834368152126304,,,
DatasetD,6,1,50,,,,,,,0.09261849530150068,0.7153160535295411,0.3792857449571882,0.08667027283875584,0.0,0.0810375737268445,,,
DatasetD,6,2,1,0.1476888651413135,0.47686578262867,79.33246682078881,,,,0.09362031589588599,0.11216261122695786,0.21578861159487547,0.08397085931780968,0.08673926367395257,0.0,,,
DatasetD,6,2,10,,,,,,,0.10831364089672729,0.4172139236191873,0.21565187452602258,0.08509473951568447,0.09094922560254348,0.0,,,
DatasetD,6,2,50,,,,,,,0.10727366418532629,0.46531604546989647,0.21530166321698946,0.0894674699165443,0.0838603324602869,0.0,,,
DatasetD,7,0,1,98.00170052604425,2.1537881593935326,31.92955451576084,,,,0.07831396458915448,0.503282983604439,0.4998096884028735,0.0,0.08410486798697692,0.0829372025050299,,,
DatasetD,7,0,10,,,,,,,0.06413937226502921,0.8166360293014725,0.4999443018858905,0.0,0.10638689444497151,0.08227470634864043,,,
DatasetD,7,0,50,,,,,,,0.06328686093805559,0.8422437169722067,0.4995843018705341,0.0,0.08206018948780747,0.0965194592162617,,,
DatasetD,7,1,1,2.0060800457705725,70.66922908704103,179.84552236558915,,,,0.09218648254395784,0.37828297360243507,0.3786662067280857,0.0916239726979442,0.0,0.09154373047382292,,,
DatasetD,7,1,10,,,,,,,0.10080060372744715,0.6916360192814331,0.3790438578358202,0.08390020467302506,0.0,0.08647994762558353,,,
DatasetD,7,1,50,,,,,,,0.09724977367363358,0.7172437068710488,0.3783105766895548,0.08300079442941799,0.0,0.08925438807115516,,,
DatasetD,7,2,1,0.7109852172836179,0.000432288868304684,74.78253791932487,,,,0.09069999880502817,0.12828296566640096,0.21577807720683173,0.09208739748462014,0.08318867742820402,0.0,,,
DatasetD,7,2,10,,,,,,,0.10851657564156232,0.44163601131619284,0.2159500373515216,0.08173016869416294,0.087079316526391,0.0,,,
DatasetD,7,2,50,,,,,,,0.10764763170829642,0.46724369883241773,0.21563175811638005,0.0840506509340746,0.09289499165527904,0.0,,,
DatasetD,8,0,1,112.1342950197856,19.23622787050238,49.163442309259096,,,,0.07852374169680988,0.5039626346699175,0.49577906985079256,0.0,0.08807087226173804,0.09314305522946364,,,
DatasetD,8,0,10,,,,,,,0.06469888962971662,0.8360866097112696,0.4955076824708875,0.0,0.12147919837151022,0.08806217815529838,,,
DatasetD,8,0,50,,,,,,,0.06319325906663634,0.8387428257203928,0.4957862613852571,0.0,0.08295783752597208,0.08239746405344928,,,
DatasetD,8,1,1,0.6226063797764914,42.45340156755846,189.3833068728862,,,,0.089238260025926,0.3789626246679137,0.3784289207667828,0.0789239528552117,0.0,0.09257800146490647,,,
DatasetD,8,1,10,,,,,,,0.09893777053810007,0.7110865996912296,0.37798883298320696,0.08995565592640276,0.0,0.08406993254246142,,,
DatasetD,8,1,50,,,,,,,0.09466771722305586,0.713742815619399,0.3785402229006682,0.08827368397538038,0.0,0.0935222424285671,,,
DatasetD,8,2,1,0.006777272003146474,1.362797466818573,76.92608892996869,,,,0.09269902228151636,0.12896261667693876,0.21573701544929164,0.08060292031438987,0.0821638960577391,0.0,,,
DatasetD,8,2,10,,,,,,,0.11023977101716517,0.4610865916846382,0.21534329185794984,0.08739610594345493,0.09512495771361618,0.0,,,
DatasetD,8,2,50,,,,,,,0.1087913288494619,0.4637428075478291,0.21635720155938476,0.08741969398836158,0.08240435912086319,0.0,,,
DatasetD,9,0,1,113.41405207639511,3.1942637102067444,37.66196660975034,,,,0.07560499258288998,0.4966817563344182,0.5031467400533867,0.0,0.08713367373916414,0.08262751981918504,,,
DatasetD,9,0,10,,,,,,,0.060984956457758005,0.8187568325744978,0.5035627971187284,0.0,0.09663498402747761,0.08417526300191147,,,
DatasetD,9,0,50,,,,,,,0.06091503378517605,0.8356620324326095,0.5031779887599773,0.0,0.09179168364826662,0.09140412548493648,,,
DatasetD,9,1,1,0.1842011717096836,55.32313989758247,220.18939749445232,,,,0.09142069527036936,0.3716817463324186,0.3817677766764447,0.08633514667479858,0.0,0.0950553415031532,,,
DatasetD,9,1,10,,,,,,,0.10007927248242848,0.6937568225544237,0.3818771596323681,0.08492198299503118,0.0,0.0963311484896403,,,
DatasetD,9,1,50,,,,,,,0.09646231706000408,0.7106620223315195,0.38189028257464375,0.08289198520827723,0.0,0.09439346861424136,,,
DatasetD,9,2,1,0.1447349918624976,0.04470578232040821,83.67817828215455,,,,0.0933343899727386,0.12168173838015695,0.21572634065912996,0.07934198350544763,0.08612686755557108,0.0,,,
DatasetD,9,2,10,,,,,,,0.10788175348643202,0.44375681457217114,0.21574136643674585,0.09433021595393676,0.0804689576635722,0.0,,,
DatasetD,9,2,50,,,,,,,0.10707921227420784,0.460662014285667,0.2159033399459143,0.08220611585948845,0.09170683845293892,0.0,,,
DatasetE,0,0,1,49.44650247093428,0.05918526342878207,0.0005157214838057828,0.4522236637647035,0.5608707153730399,0.14750386866680248,0.3287653870694053,0.2549783073823627,0.5519621422826955,0.0,0.2295280175589023,0.2094084329054977,0.10197908132585276,0.09170879330273518,0.08192643898954843
DatasetE,0,0,10,,,,,,,0.25087362491292053,0.8024218708497964,0.5515692617168082,0.0,0.07830607295060155,0.08917347307548651,0.08781987199956331,0.10049597820461509,0.11263220394915763
DatasetE,0,0,50,,,,,,,0.24779198910028868,0.7989326189284083,0.5510214725533455,0.0,0.08357752722623601,0.08610811584854838,0.08864997934195173,0.08305053311448596,0.08770409267050905
DatasetE,0,1,1,0.21620305037719936,66.036193409485,0.03699569918503534,0.5216446637551501,0.09716457802569155,0.005179850221179521,0.31207391473313184,0.16118744819361053,0.4311559020960346,0.08468704686439077,0.0,0.08780311794101547,0.2065800019801054,0.08691070615833585,0.10352436220869432
DatasetE,0,1,10,,,,,,,0.25682281355545034,0.7086611075354321,0.43083557219950847,0.09410660537269822,0.0,0.08789312691563245,0.08349416667248022,0.09118529617625093,0.09181224607863347
DatasetE,0,1,50,,,,,,,0.26138208117626316,0.7051718721170063,0.4305784087041862,0.08188919896160352,0.0,0.10177020870219167,0.08861413588598133,0.08721478630651802,0.08111677086166669
DatasetE,0,2,1,0.18282505259276866,0.41335978212340746,52.76151762194649,0.4013826868537093,0.005945562822853726,0.007324570319645245,0.30844935994777684,0.16118749229769358,0.4287000215282385,0.08747559336901922,0.0895670173586911,0.0,0.09803170047674348,0.19801828266521948,0.0990155434763611
DatasetE,0,2,10,,,,,,,0.26216713489901894,0.7086611284374188,0.4282078225206015,0.08521677260972327,0.0898701710881884,0.0,0.09074786276213098,0.09197926011631452,0.09016755196137094
DatasetE,0,2,50,,,,,,,0.26087143641337035,0.705171865673754,0.4274926070155217,0.082210269660008,0.08726616880229887,0.0,0.08756549788582912,0.08562573650989913,0.09176232747093405
DatasetE,0,3,1,0.23434267468856695,0.0618383643822376,0.23577505246523567,52.56654317093864,0.001391864950618645,0.0005308148155754007,0.27749957249147345,0.0673783387308603,0.33755571189983163,0.08575187528083905,0.08527073044371347,0.08445887512812811,0.0,0.08513563039814342,0.15669413295117285
DatasetE,0,3,10,,,,,,,0.2577139399313039,0.6148905571628456,0.3376237490936338,0.093728795577388,0.09333130271396461,0.07796631281300614,0.0,0.08369464193672727,0.08681299013510868
DatasetE,0,3,50,,,,,,,0.2571300440774245,0.6114013250788191,0.337071040802836,0.08835822386444825,0.08842018428355924,0.08347898379707974,0.0,0.07887512396678797,0.08928205045465942
DatasetE,0,4,1,0.08517509810766924,0.020752443119625496,0.008781249231809956,0.12376924696108038,48.218736185418706,0.4147607992325927,0.2797728447031215,0.051777291707329254,0.33956025981523025,0.08443760988099758,0.08640285740520692,0.07498312579462363,0.08251656878562041,0.0,0.17070863839706796
DatasetE,0,4,10,,,,,,,0.2529420600866206,0.5992756035425233,0.33897367348372587,0.08839550376341077,0.08390423632474331,0.08642135679871554,0.09231986214282673,0.0,0.08363663428846735
DatasetE,0,4,50,,,,,,,0.2539746930157177,0.5957863310618708,0.338206062305434,0.08568139502555905,0.08090777419904249,0.08609805302527773,0.08595340048495137,0.0,0.08042652099589542
DatasetE,0,5,1,0.6682617715179076,0.016626258610858792,0.02648373826490803,0.39585205878794,0.31277590606621836,86.34880214482851,0.23865639430104094,0.008987265743101158,0.22915118116437905,0.08487314288681258,0.08560712711304852,0.08807896217481215,0.07777126471542073,0.08081636534709036,0.0
DatasetE,0,5,10,,,,,,,0.2318331759088278,0.38050555583586726,0.2286842692965742,0.08654438550502519,0.08901206198890321,0.08763914961136177,0.07745127451365752,0.08804835292181856,0.0
DatasetE,0,5,50,,,,,,,0.2307274070590376,0.37701629614097965,0.22812711031692975,0.08716807736714882,0.08168708264932745,0.08854747912120331,0.08302529224942967,0.08766590788939999,0.0
DatasetE,1,0,1,45.868955238553355,0.26401099620373797,0.11927104902145813,0.02262914546929591,0.021371368400430503,0.031285894562841504,0.30034986236286815,0.32475795894234716,0.5619037176975019,0.0,0.21044973214299767,0.22121489943704487,0.09759288648100939,0.10242873255218155,0.08227767640825734
DatasetE,1,0,10,,,,,,,0.21672579958169436,0.8454937915486552,0.5614601772981185,0.0,0.0969152822997783,0.09162572514719214,0.08713165009256629,0.09309785860739694,0.09106926187365305
DatasetE,1,0,50,,,,,,,0.21787832416253933,0.8496072758337763,0.5606453839390213,0.0,0.0883539266291824,0.09793426407481798,0.0920453965076522,0.08523772517600348,0.0853930085307848
DatasetE,1,1,1,0.04970608130511992,71.3192767639321,0.00038322005109586726,0.32700220603229024,0.06338693534723483,0.1522020778268289,0.30081820855737346,0.19977869876304166,0.44717287661600186,0.0851233711070325,0.0,0.0837505569186412,0.20578784092756663,0.1017446702091429,0.10759828473519706
DatasetE,1,1,10,,,,,,,0.2521446126111193,0.7205080371945568,0.4468208237147007,0.08661997870300908,0.0,0.08562724553777823,0.09126194456486081,0.0913066794656805,0.09825830537334213
DatasetE,1,1,50,,,,,,,0.25071530823406835,0.7246214953808714,0.4462517631081111,0.08748694079899533,0.0,0.0982818777451211,0.09102472518311577,0.0880393205335257,0.09212502312227189
DatasetE,1,2,1,0.02291050397170255,0.19437348863302886,55.60748511653379,0.21681151257010642,0.245244403117222,0.0028826507417358095,0.2794913446187772,0.23099688025243792,0.43063474737111274,0.08966283333351166,0.09655544863701859,0.0,0.0982088260860956,0.20870502912323663,0.10589035562368387
DatasetE,1,2,10,,,,,,,0.23896496671028644,0.7517380340134043,0.430139258745145,0.09152366200836903,0.09032477658464222,0.0,0.08693843809660562,0.08684474070816828,0.08698789200408674
DatasetE,1,2,50,,,,,,,0.23653321825970783,0.755851511852172,0.42880848615615763,0.09004884631544208,0.08533607696553203,0.0,0.09497479842365175,0.08557977915040249,0.08782127102126536
DatasetE,1,3,1,0.07747475630420912,0.0008045232928401986,0.15678244812951123,43.95609933741146,0.04266805734152365,0.3906472018252615,0.2786636397715972,0.09038137879463748,0.34415099025329055,0.08381665648772074,0.08688970993499501,0.08339296610577795,0.0,0.08438403955543738,0.1702632821781065
DatasetE,1,3,10,,,,,,,0.26009768038711434,0.6111224603145765,0.3439216765487328,0.08476744219838217,0.0814429054618997,0.08218906742329857,0.0,0.08645708804015939,0.08621250638638456
DatasetE,1,3,50,,,,,,,0.25294659700222827,0.6152359184698164,0.34311943292759983,0.09241147583944542,0.08865123033397282,0.09160523600176695,0.0,0.08721846038261383,0.08680836066656905
DatasetE,1,4,1,0.026049450433123383,0.0037223495986654235,0.055055605977249886,0.03625382739814246,43.70114694773019,0.007974332534063277,0.263076425730014,0.10599635929416162,0.3401030980730746,0.08318726234919316,0.09001750746031423,0.08939663776570961,0.08126661026442172,0.0,0.1715694646556356
DatasetE,1,4,10,,,,,,,0.24317007451129044,0.6267374733509997,0.34017399787139313,0.08262161132318369,0.08898689417529448,0.0915719545885656,0.08348466933718379,0.0,0.08346741151680614
DatasetE,1,4,50,,,,,,,0.24216639889580452,0.6308509447214151,0.3387873318635486,0.08197480380122046,0.09028451832477646,0.08793797861518149,0.09107712793467337,0.0,0.08782648457171671
DatasetE,1,5,1,0.022226953969566074,0.2707388544822505,0.06168793272900603,0.10450252348161782,0.5661391063941165,85.05374674999618,0.23229173742341927,0.05318536468513657,0.22692622611344082,0.08048638889081028,0.08847627783720613,0.0808972494271345,0.08093664622230934,0.07932203383296432,0.0
DatasetE,1,5,10,,,,,,,0.22920952261551464,0.37673735583415086,0.22688429025701642,0.08621547337021562,0.08520736478458524,0.0848826738333659,0.08434157757727911,0.08914939394185506,0.0
DatasetE,1,5,50,,,,,,,0.2297330217864435,0.38085082607519394,0.22591088987823374,0.09001196520601695,0.09118733174732574,0.09106647687003244,0.07739533550956912,0.08230903248050847,0.0
DatasetE,2,0,1,47.569725308490455,0.05733494008356568,0.003913523716852669,0.08435623683786121,0.10816036263129312,0.010793684862822157,0.325137994165012,0.3150455272909819,0.5584788821871631,0.0,0.2208100393608441,0.2211434527901246,0.09368243984411295,0.09754145831178596,0.08482126839105786
DatasetE,2,0,10,,,,,,,0.226540594256263,0.8361591139104558,0.5582348460751614,0.0,0.07670091753539987,0.08679768164778157,0.08276396790800211,0.08309949177442011,0.0914520712385789
DatasetE,2,0,50,,,,,,,0.22431018395251603,0.8340022385539723,0.5576419885919794,0.0,0.08597284013736806,0.08270378165051406,0.08857006647409182,0.08443135634139765,0.0875103415061953
DatasetE,2,1,1,0.6452469677677363,57.384747298847586,0.1450561856380293,0.33434393250725675,1.1804149327353413,0.028052534921583043,0.30704983553437104,0.19008186845844544,0.4277463365950224,0.09057142825113917,0.0,0.09773944356806452,0.19507583688412522,0.10077390233866157,0.10553342972375979
DatasetE,2,1,10,,,,,,,0.2551185084498756,0.7111733546186874,0.4273820937654063,0.09044408243687307,0.0,0.07880813098032347,0.08607532781551708,0.09127109534341749,0.08859283701597276
DatasetE,2,1,50,,,,,,,0.2561252249205664,0.709016471542377,0.42674813317536786,0.08927993227953923,0.0,0.0971487475537538,0.08703452908467835,0.09107222510779733,0.07960391821665613
DatasetE,2,2,1,0.06057305296274765,0.03095460001205796,72.41656116488119,0.03566416357269736,0.1653627074422703,0.5606377916815394,0.30652854140752817,0.1900818156647892,0.4304630275815867,0.08697048100653504,0.08981293694997028,0.0,0.10022589277121896,0.19185271184336816,0.09472482367556356
DatasetE,2,2,10,,,,,,,0.25547838986318755,0.7111733271936209,0.43052091497673073,0.0862191121851148,0.0969063973150659,0.0,0.09068680576017574,0.09278647791529959,0.086097247884656
DatasetE,2,2,50,,,,,,,0.2586296122119752,0.7090164694110663,0.42994467323473723,0.08529924925528265,0.0921428407994771,0.0,0.08563740540231235,0.0763218746698846,0.09117158570997708
DatasetE,2,3,1,0.02980406874315465,0.023013375255555253,0.06412843398240067,44.166141576967,0.03193934597921747,0.20593224773216223,0.2852862095207297,0.08067169943276065,0.33995397663888444,0.08834958630746748,0.08898594275202143,0.0850009248357495,0.0,0.08015724372130584,0.17773548654011173
DatasetE,2,3,10,,,,,,,0.25670298341749437,0.6017878202391291,0.33966932861713023,0.08375079368293514,0.08311339977556553,0.08790316028537681,0.0,0.08955190289945225,0.08628836258410733
DatasetE,2,3,50,,,,,,,0.25858950039419837,0.5996309366118273,0.3389132349915196,0.08237963499940681,0.08450503609848958,0.0823697843247242,0.0,0.09643662363307692,0.08347079967712157
DatasetE,2,4,1,0.00419302265638281,0.013292075181079792,0.07255850493746985,0.0008663309885417242,42.361546147793504,0.0020401302699559454,0.2789927573175737,0.09627266474546647,0.33680485255147896,0.08419816560252569,0.08734445249634448,0.08513420119699,0.08583422776032501,0.0,0.16406572016706034
DatasetE,2,4,10,,,,,,,0.251928031581813,0.6174028361063095,0.3373397126858878,0.08916160480816204,0.09235993168588541,0.08671631588013273,0.08576678995995124,0.0,0.07976102575967126
DatasetE,2,4,50,,,,,,,0.25678073960102427,0.6152459635380136,0.3377541645765132,0.08515696871009037,0.09286490901758304,0.08543012188607868,0.08606717747160308,0.0,0.08346477399270968
DatasetE,2,5,1,0.02289683000080055,0.02673526023640748,0.5897052370289808,0.046078185621668766,0.24297781482994057,84.70436878807057,0.23736913104636923,0.03505682089476214,0.22892623300041295,0.08477979282644954,0.0829896004188242,0.0854442369883257,0.08556645074934055,0.0787959999756036,0.0
DatasetE,2,5,10,,,,,,,0.2305782702040706,0.3830178544646895,0.22870013956724125,0.08538560286399477,0.08425138310572544,0.08324841278419859,0.08515307157324248,0.08936765715765738,0.0
DatasetE,2,5,50,,,,,,,0.23452831846727276,0.38086094897630335,0.2284663497648981,0.08420829791073547,0.08249311564056194,0.08158744270302565,0.0857154140214722,0.0878807603166516,0.0
DatasetE,3,0,1,49.47311493644185,0.22656275270494747,0.03812997770409215,0.1116990285769296,0.11079809030506055,0.09645383119869828,0.32121192501353224,0.37251469779039614,0.5570031007590256,0.0,0.21978407149258028,0.2199573169038771,0.09094890538517864,0.0951051618026868,0.08777214907442388
DatasetE,3,0,10,,,,,,,0.22546601128443866,0.81944925568521,0.5574575812098748,0.0,0.09715541092011559,0.09023226119680361,0.08498332147546339,0.0859853932126673,0.0919035879302954
DatasetE,3,0,50,,,,,,,0.23095957252032756,0.8026936496055921,0.5571304824857686,0.0,0.08697300080546455,0.08633260576637047,0.08718683797747806,0.0783516559529156,0.07671538256017518
DatasetE,3,1,1,0.09868107381885176,64.28221103738274,0.32405119979408625,0.0030620736135358283,0.04043668426301288,0.036637230763703614,0.30195932611837567,0.2787552587977833,0.43067779075117435,0.09281426706568485,0.0,0.08693368124990841,0.19923817110407382,0.09306304329445281,0.1020230066825385
DatasetE,3,1,10,,,,,,,0.25026446707063127,0.7256884912002575,0.43058276086701563,0.08490058355086694,0.0,0.08783239392257647,0.08338705793937162,0.09571782210344804,0.0924764199961321
DatasetE,3,1,50,,,,,,,0.25409399080810335,0.7089329037496886,0.43098184753321744,0.08656925761607148,0.0,0.09658897160685909,0.0914789711141677,0.08921816647873904,0.09001675721375513
DatasetE,3,2,1,0.11281148764421807,0.004042622294107394,66.09203450796633,0.0017840255923880582,0.1836526555552332,0.010724434241648111,0.30502972627655495,0.27875526121053706,0.43650368845291326,0.0850730680659133,0.09340922876848157,0.0,0.09137193688300638,0.20735624237258077,0.10605042766618822
DatasetE,3,2,10,,,,,,,0.2437539417702039,0.7256884915103219,0.4364082541383264,0.08823900463232359,0.0893524868456903,0.0,0.07798154603970131,0.0826246971833422,0.09350957602779664
DatasetE,3,2,50,,,,,,,0.2538106868296589,0.7089329071543815,0.43612119682376393,0.08496257538295193,0.09079133349200319,0.0,0.07989095088121045,0.08781914590093276,0.08692897702142588
DatasetE,3,3,1,0.052438835435642976,0.07512845578658808,0.07428363114418834,41.19537120274493,0.06087721328028455,0.4372902047177319,0.2741186049435341,0.15375674394687988,0.33441300022345605,0.0905611170970766,0.08914786427222965,0.09203755082885001,0.0,0.08485230268109367,0.17393708307301115
DatasetE,3,3,10,,,,,,,0.2586026393955287,0.6006878976988494,0.3344785445460029,0.08823765320282506,0.09675712738064979,0.08598830112924549,0.0,0.09198310970200163,0.08042551832454459
DatasetE,3,3,50,,,,,,,0.25882354182917744,0.5839323863371517,0.3351401992335555,0.08375807211809772,0.08568108188865375,0.08830053689421158,0.0,0.08383700572704011,0.09341759404943284
DatasetE,3,4,1,0.04331845205079742,0.10051670950256676,0.09359772815602943,0.31213015390782783,48.48234972872172,0.07912719323076496,0.2812709953734852,0.1537567629894836,0.3369735646477142,0.08861392260237722,0.08353362891145455,0.08573038374913855,0.08400893380024343,0.0,0.17213753688700395
DatasetE,3,4,10,,,,,,,0.25751948907617483,0.6006878998587283,0.3375871472526985,0.0871759889659467,0.08684637675999474,0.08608577414238683,0.08701049524613769,0.0,0.080022524022894
DatasetE,3,4,50,,,,,,,0.2599811088551051,0.5839323761105355,0.33798223283866163,0.09427041536010972,0.08783510579982368,0.08718373507122124,0.08994408836181211,0.0,0.0972692445618013
DatasetE,3,5,1,0.5991383950203941,0.020891564771849645,0.0009643087332970275,0.20378585069279803,0.25502411002778463,105.51991627469184,0.23947314975444198,0.028256665725302277,0.22947907819046748,0.0834862037124382,0.08092762284833133,0.08959155081114156,0.0806508521603484,0.08008905583791992,0.0
DatasetE,3,5,10,,,,,,,0.23800573237466052,0.36630275349117175,0.22976829653032682,0.08053730032940232,0.08812498148390357,0.08866183141645712,0.08403567686147584,0.08204831065999318,0.0
DatasetE,3,5,50,,,,,,,0.24131266325570444,0.34954736145740417,0.22971716067227474,0.07734909740690021,0.0910749829211448,0.08811152836248182,0.09426421980630595,0.08566839801718729,0.0
DatasetE,4,0,1,49.423752754953036,0.022324601727979464,0.25579528288598075,0.0006366737209703357,0.15667501733317046,0.09021253116513486,0.31485948074794656,0.3319620246224382,0.5556445211469117,0.0,0.22496695094174846,0.20993108092284962,0.09328004866210149,0.09563062951889023,0.08431937723665706
DatasetE,4,0,10,,,,,,,0.2264014701873136,0.8116476177088906,0.555473004895156,0.0,0.08537986473156511,0.09201586132570094,0.09485363715819739,0.08965863823771425,0.09977804396176948
DatasetE,4,0,50,,,,,,,0.22694851953720308,0.8028754066688694,0.558331857324169,0.0,0.08757726044392378,0.08883601079580439,0.08597624504229984,0.07790232297208499,0.08402782792512076
DatasetE,4,1,1,0.003624099273005534,62.306889918208086,0.006544258710509201,0.0993849680207481,0.3092226107052065,0.08203257144719181,0.29143150764766074,0.2537836248533233,0.4296881776212217,0.07652769903696033,0.0,0.085480696988947,0.18676813846787854,0.09286524941504903,0.09623283703523211
DatasetE,4,1,10,,,,,,,0.24221825762819874,0.7335018753446709,0.42951647133124116,0.08189189691105403,0.0,0.08333684059835456,0.09469206110414108,0.08734055458958556,0.0884331737204831
DatasetE,4,1,50,,,,,,,0.23677344179828577,0.7247296496579649,0.4319470420736325,0.08790743032621195,0.0,0.08962142468027112,0.08299936433546184,0.0814408023529305,0.08425499855891161
DatasetE,4,2,1,0.015110922192774538,0.2933247656391839,52.48295071934002,0.0030102146104849375,0.2173979053444214,0.01584981708975293,0.29588965116189353,0.23818045183770864,0.43306405010951654,0.08436646185765939,0.09087925510648809,0.0,0.08984688830824372,0.19907306359990518,0.09172309179671001
DatasetE,4,2,10,,,,,,,0.2437857420525134,0.7178868615768359,0.4327749282626746,0.08254433666504823,0.08538115456698447,0.0,0.0814269768736926,0.08640780454167363,0.08932052231366905
DatasetE,4,2,50,,,,,,,0.2420336851674075,0.7091146356484959,0.43361084814660805,0.0913434926965353,0.0869002485210868,0.0,0.08267767182596142,0.09192213061755572,0.07941006528291927
DatasetE,4,3,1,0.0010527421855220818,0.007215418846488033,0.026825048072400628,47.25859143359144,0.08203542331724188,0.04309149272419308,0.2653040553584145,0.12878308603253663,0.33746831789795684,0.08717298005702068,0.07447582167706224,0.08381130963711136,0.0,0.08267424310249138,0.1631457905672955
DatasetE,4,3,10,,,,,,,0.2471783261820845,0.6085013127274814,0.33778070637601887,0.08520711147000037,0.10048792981185128,0.08159120090170546,0.0,0.08994319749898505,0.08649614993086985
DatasetE,4,3,50,,,,,,,0.24454193715024383,0.5997290725824689,0.3394261008363584,0.09505117001660679,0.08571543346803345,0.08792210497477804,0.0,0.08402194784823669,0.09248631843795918
DatasetE,4,4,1,0.011436042750380272,0.29218034379902125,0.057548875004268335,0.09923256386048275,46.57243130437759,0.0008171599661969534,0.27172574910563013,0.12878312139021098,0.3405409971087376,0.08256314220409022,0.08799837660917609,0.0916456535219301,0.09358947472123158,0.0,0.1532325387298581
DatasetE,4,4,10,,,,,,,0.2513526399110553,0.6085012938489873,0.3401798191971337,0.09162887763244143,0.089340098738802,0.08172045999173472,0.08379417448124071,0.0,0.08404093071548102
DatasetE,4,4,50,,,,,,,0.2494643029223725,0.5997290687162464,0.34085973242183537,0.08469158002608479,0.08440367163760376,0.08492363269862624,0.08648987208719827,0.0,0.08288779146538339
DatasetE,4,5,1,0.16598639052235808,0.0028293822670687175,0.0074460314863597455,0.09594810835543756,0.006583633481237324,88.83918378318042,0.2335775591973963,0.07375865459087505,0.22761354718348858,0.08560136842020372,0.08440696293238314,0.08890232548319132,0.08339608750567384,0.07644303189785084,0.0
DatasetE,4,5,10,,,,,,,0.23045489577801667,0.35850123449044324,0.22759847360760563,0.08016766113055374,0.08146275205713849,0.09073949760834532,0.08730545871728612,0.0830196984673397,0.0
DatasetE,4,5,50,,,,,,,0.23258698308572393,0.3497289448451103,0.22854868675770715,0.08788571631595099,0.09019035588617186,0.08877553643202774,0.08730255951465171,0.08592569447546383,0.0
DatasetE,5,0,1,44.3641351484397,0.009610557154488148,0.7862382897375207,0.1946458160165356,0.0005525153423580436,0.010884668761439129,0.32525731162384564,0.27024920141517383,0.5515967914229466,0.0,0.2235208386689238,0.21389325877123078,0.09737534522253632,0.08795049360001683,0.08551238562282726
DatasetE,5,0,10,,,,,,,0.2517548626674,0.7777361820466999,0.5513998248763577,0.0,0.0918319514318684,0.08628674170365747,0.09069255448024371,0.0815141085420148,0.10419226962945993
DatasetE,5,0,50,,,,,,,0.2492117315349097,0.80294752165457,0.5508025706816546,0.0,0.0843234101381487,0.0952449772852142,0.0861019917392265,0.09585919424777067,0.08761912290496987
DatasetE,5,1,1,0.03904567133233599,77.24173530380143,0.028307493793218563,0.04260059260541489,0.0103825309218721,0.7487389876807434,0.3040760321736026,0.17645838661835078,0.42888875537671545,0.08453871041838257,0.0,0.09537505456538442,0.20976026292280414,0.09407872591241828,0.09344092950072636
DatasetE,5,1,10,,,,,,,0.26539024290895147,0.6839754343648756,0.4284414091209957,0.08789482823058137,0.0,0.07746335154246342,0.08389776549738936,0.08654598418480486,0.09251190458072767
DatasetE,5,1,50,,,,,,,0.261429369447936,0.7091867445995392,0.4285190329601878,0.08822222738405516,0.0,0.08660893609371545,0.08331147815959694,0.08450118246339589,0.08729178895683232
DatasetE,5,2,1,0.19922329553821727,0.07538668859463468,68.2530395258707,0.08362097755622899,0.787253223373795,0.5675014677205734,0.3057075915089704,0.17645833262881994,0.4343519965164019,0.08046889239345356,0.08391282653738275,0.0,0.09147249774582789,0.19523888605260287,0.09680942167029927
DatasetE,5,2,10,,,,,,,0.2662097278928512,0.683975428040695,0.4339186186443432,0.09078287777426564,0.0882297595385717,0.0,0.09451102820973611,0.08609131549546278,0.09320770288038105
DatasetE,5,2,50,,,,,,,0.2604476640743767,0.709186786300312,0.4336881370427652,0.08386493525059624,0.0901190420807243,0.0,0.08464680277145709,0.07839371010156215,0.07818281907607272
DatasetE,5,3,1,0.029462015286015917,0.059774569724361425,0.05284652599084938,45.21122106649878,0.30087200327372154,0.05021984186788126,0.2705992164914105,0.08264921691687521,0.3383068917961432,0.08826407036947259,0.08298328365128982,0.08378103647084756,0.0,0.08046481207072032,0.16650678120193052
DatasetE,5,3,10,,,,,,,0.2537888424836478,0.5902048842365791,0.33805150173827675,0.08337941594553833,0.08772517970618399,0.08688115114330541,0.0,0.08647937100579028,0.08798333360878852
DatasetE,5,3,50,,,,,,,0.24816282049928448,0.6154161950229116,0.33785961936064063,0.09132541346377465,0.08723417222108854,0.0867360075940935,0.0,0.08756355731088172,0.08550971752937953
DatasetE,5,4,1,0.0233856492952359,0.08406571714474814,0.0009795598967661811,0.0034229959841624493,49.113013313658975,0.49691138422038855,0.27094244136628687,0.08264922371115013,0.33822901310991715,0.08201603521701228,0.08460752458669796,0.08367314816203009,0.07761794276363476,0.0,0.16131614465419397
DatasetE,5,4,10,,,,,,,0.25134164552040433,0.5902048878970204,0.3379156249643547,0.08289313837576628,0.08053051508923126,0.08566901215160527,0.09016061762516392,0.0,0.08238454265740325
DatasetE,5,4,50,,,,,,,0.24626136427540946,0.6154162189106771,0.337871144825972,0.0861241690875536,0.08892413868495508,0.09796569426190693,0.08640969862400061,0.0,0.07997975956891512
DatasetE,5,5,1,0.004723503852340762,0.0169736434453812,0.027436122396954338,0.005856288088309706,0.30800653003071843,87.41649936511311,0.22894121914679552,0.016418544169396365,0.22920825187178556,0.08393671492797239,0.08687189582970678,0.08159437071966691,0.07356649922663228,0.07883162324896009,0.0
DatasetE,5,5,10,,,,,,,0.23608600268715535,0.3558198508370318,0.22838224124585374,0.08692745573157534,0.0772526746989004,0.09133717298286159,0.09088202292318526,0.08935086800812364,0.0
DatasetE,5,5,50,,,,,,,0.23083158848024393,0.3810311276303277,0.22843079142161551,0.09367327425300331,0.08545220952117916,0.09691153355092474,0.08881844518655546,0.08607647153659137,0.0
DatasetE,6,0,1,39.98291320702034,0.05699048267487248,0.3754720621823025,0.3557874685995543,0.137460178135238,0.09770811813049135,0.31920612585938096,0.3255775784737841,0.5550993150969298,0.0,0.19754694570750164,0.20727031962877351,0.09203409894204562,0.0928772706421257,0.09172460770727175
DatasetE,6,0,10,,,,,,,0.22804556756501376,0.8256981789552573,0.5547250338016785,0.0,0.08572546405157055,0.08896896564185752,0.09139021426806959,0.08827953991951887,0.09536289542732224
DatasetE,6,0,50,,,,,,,0.22462881505083748,0.8375658821243461,0.5552133602186491,0.0,0.09010089376409036,0.09174457334301112,0.08374324603304428,0.08670558226009328,0.0831502481744173
DatasetE,6,1,1,0.009363051307146281,66.32258311512358,0.3422160238248239,0.018975764675809772,0.07119995119181304,0.13436710815676386,0.29961466014042304,0.2162031843099651,0.4296958103822145,0.08472253209572234,0.0,0.08685119485702564,0.19237526080074718,0.09400845464363261,0.10562080046661215
DatasetE,6,1,10,,,,,,,0.25799715831728476,0.7163224122297511,0.42947605711420994,0.08857480417366936,0.0,0.0923050583094649,0.08671398899643945,0.08708344359269526,0.09417912427613961
DatasetE,6,1,50,,,,,,,0.2528663312419489,0.7281901281051849,0.42961277057959046,0.08379099147677227,0.0,0.08974791996284592,0.08436389680088308,0.08905138230653176,0.0843522106812804
DatasetE,6,2,1,0.2062962117777974,0.03176747963747115,69.38497341302882,0.20282662747197494,0.3175805583482104,0.013308211590304675,0.3031346611367105,0.21620318289844265,0.42718195722587693,0.0905636674902186,0.08425850746782682,0.0,0.09120574117226532,0.20125253393864218,0.11473530737101689
DatasetE,6,2,10,,,,,,,0.2586219230789429,0.7163224170662918,0.4269702177386605,0.0767280864325155,0.08967372334369417,0.0,0.08073654445417278,0.09437344512330537,0.08603842303688003
DatasetE,6,2,50,,,,,,,0.2566847931654935,0.7281901346690518,0.4270580122544823,0.08787510351449246,0.08985472732087185,0.0,0.0952853411662602,0.09631529434452846,0.09107466535565045
DatasetE,6,3,1,0.1334430024311956,0.15493556214497545,0.092608248893745,48.69825149141176,0.020989931572568066,0.023683156159769445,0.2810534737915003,0.09120484100310611,0.3358295258857413,0.0872924338226495,0.08925481125335133,0.08793896506275134,0.0,0.08552141578959649,0.16107502777546245
DatasetE,6,3,10,,,,,,,0.25903993384363383,0.5913218340929021,0.33631964312113505,0.0863301297445771,0.08376279725505498,0.07919091880327489,0.0,0.07971256306516539,0.09140123376895071
DatasetE,6,3,50,,,,,,,0.25379446401994477,0.6031896371506016,0.33626040093916637,0.08862051232048751,0.08967764676150436,0.08423223935522017,0.0,0.08843364570284429,0.08809879174368351
DatasetE,6,4,1,0.01871807696096899,0.42291566458222307,0.1028782039031071,0.23978139380275174,46.262861588291535,0.40720918938950174,0.2735783134578117,0.10680580974887732,0.34318058963410003,0.08799237459435671,0.07643683584356586,0.08006185779384789,0.0840588399034885,0.0,0.16827730759949144
DatasetE,6,4,10,,,,,,,0.2542747108253318,0.6069368571883582,0.34372669838887626,0.08897004757600158,0.08988478722228699,0.09026617091682443,0.09095662796618775,0.0,0.08482866359217534
DatasetE,6,4,50,,,,,,,0.24768606493511652,0.618804604798375,0.3431873277467933,0.08140359699902344,0.08404766481422188,0.09145433745017639,0.09148334751835874,0.0,0.08533642599938451
DatasetE,6,5,1,0.000577522667714439,0.17213017031812106,0.22023284095856224,0.023144823889518707,0.010455806697638837,97.14269359854275,0.2335614225000342,0.0014785737627719397,0.2285401548976369,0.0925745229604571,0.08645670416636642,0.08573088810353746,0.08009312428464588,0.08429253696283245,0.0
DatasetE,6,5,10,,,,,,,0.23610899328142618,0.37255191530060844,0.22864948036553812,0.08390922717674165,0.0833039085578795,0.0828733709021563,0.0866512635238621,0.08573084071141102,0.0
DatasetE,6,5,50,,,,,,,0.23361265129426773,0.38441959303369777,0.22847068686650807,0.0796405670735667,0.0903630070595196,0.08658814861676145,0.08293432796802769,0.09147724607551488,0.0
DatasetE,7,0,1,39.83742743374914,0.02779610238236609,0.134910733009101,0.001148772971524731,0.2581566730070356,0.15857530755303612,0.32120895408079564,0.2926748531124457,0.5546638016895291,0.0,0.21128297966465426,0.21254367794844642,0.09204539325518346,0.08632119933632465,0.08295703138057609
DatasetE,7,0,10,,,,,,,0.24413424977401232,0.8100667536475508,0.5545055012809668,0.0,0.08675337777491388,0.0884974927645854,0.08898037040003848,0.08485076755657506,0.10064847168878233
DatasetE,7,0,50,,,,,,,0.24205626320912413,0.8044787447388548,0.55369921757812,0.0,0.08683598196888376,0.0799983801775741,0.08669227661378098,0.08563150248497031,0.08774637263415741
DatasetE,7,1,1,0.0007461889744344932,68.4407547524867,0.0065377257993336465,0.012515208413718077,0.28679643272685806,0.040385569441408725,0.30636607625787066,0.19888398680186203,0.43500433153100687,0.08188837114643821,0.0,0.09767005397215733,0.20100969208509323,0.10360581863180496,0.10028379290620837
DatasetE,7,1,10,,,,,,,0.257226391159451,0.7163060071294896,0.43465102006695355,0.08742757406753077,0.0,0.09307959128706145,0.09243059671664167,0.08704568797660661,0.08863496570014462
DatasetE,7,1,50,,,,,,,0.260017877087005,0.7107179943281842,0.4332880757414749,0.08733674807119929,0.0,0.08728351516500377,0.09100764181373,0.08257257529326356,0.0920534058641942
DatasetE,7,2,1,0.10088475118952266,0.43033503251657274,75.61171802279178,0.04558449906868291,0.00033915654252751506,0.07759097974092642,0.3083364356405834,0.19888403369110896,0.4311958427508554,0.08435014140713215,0.08885488704773437,0.0,0.09033427629320734,0.19595769711885636,0.09748345748746456
DatasetE,7,2,10,,,,,,,0.2672518688300132,0.7163060092124965,0.4309454036603603,0.07961732369086594,0.08469560619213956,0.0,0.08418197871868704,0.09255915055388186,0.08666467236142372
DatasetE,7,2,50,,,,,,,0.26503576861077777,0.71071799244782,0.42989711625739613,0.08710502752657545,0.08097958906173996,0.0,0.08958651184716837,0.08445760039879069,0.0818108807010125
DatasetE,7,3,1,0.007030677924417176,0.014419002232547214,0.09881400584888807,41.5860404643813,0.0086671651118794,0.004632135514268942,0.2811958335780493,0.08947381991780001,0.33984148032948414,0.08913227021731074,0.08093855343462786,0.07634532127637339,0.0,0.08946336395365684,0.17330031334024776
DatasetE,7,3,10,,,,,,,0.2551717115321225,0.6069204320983699,0.3394564517151655,0.09425355491874843,0.09127520446418069,0.08046936752556055,0.0,0.08784927906892248,0.08026890413733234
DatasetE,7,3,50,,,,,,,0.25593228674208507,0.6013324400451313,0.3378398748116689,0.08420269214136189,0.0982604661493558,0.08758452746918,0.0,0.08964437972733297,0.08696991141359112
DatasetE,7,4,1,0.3399081966127999,0.6471150381842262,0.006018368927216102,0.1492231146807614,50.60486394020133,0.6258046123230885,0.2786861296394356,0.08947390401090849,0.33587276362315793,0.0946678276815931,0.09068277414932213,0.08463526024131762,0.07419044925515106,0.0,0.16234777206152895
DatasetE,7,4,10,,,,,,,0.26207381611579456,0.6069204511271362,0.33553731593028024,0.08738013724662563,0.08544747135867281,0.08730894805288925,0.08491547882661088,0.0,0.0915705291344735
DatasetE,7,4,50,,,,,,,0.2613572502161019,0.6013324577065303,0.3341669818089396,0.08917738001690267,0.08595665263272245,0.0963076777231171,0.0852860768003576,0.0,0.08811642853397483
DatasetE,7,5,1,0.17251017256617987,0.023819678363059555,0.01976823498965339,0.693368116249502,0.0021888400464716174,89.44534338677765,0.24283211523682624,0.022643799012064147,0.2282019277196151,0.08928250620003508,0.08357417750507157,0.08174130365203336,0.08528673408481291,0.08399888234328357,0.0
DatasetE,7,5,10,,,,,,,0.24117214155652758,0.37253524803514537,0.2277204788021962,0.08715278444962182,0.08655758075688702,0.08381264679946065,0.09010233755539687,0.0881022999567227,0.0
DatasetE,7,5,50,,,,,,,0.23920167863619476,0.3669473932532723,0.22579643512501765,0.07870006484305403,0.0845453693610776,0.08412090578059894,0.08752940040046209,0.08866215210031525,0.0
DatasetE,8,0,1,47.490583385175974,0.01493097437767175,0.2560492601664707,0.002889683799803327,0.07218659711608538,0.08529236155246187,0.3454280836688749,0.2677805384240909,0.5572853709765782,0.0,0.2220496405819068,0.21062570570993366,0.09243619293109306,0.09541645840572133,0.08093377117374567
DatasetE,8,0,10,,,,,,,0.2578362228522362,0.8158807634626009,0.5572553413207818,0.0,0.08198539262646509,0.07989297220899871,0.09263920226757705,0.09104602295826814,0.0932631938805919
DatasetE,8,0,50,,,,,,,0.2706669721437598,0.8100470741629049,0.5562896540134634,0.0,0.08318672737510457,0.08239683327093017,0.08765350213862755,0.0828465742323341,0.09426261424084581
DatasetE,8,1,1,0.40806975450237104,82.07375865176553,0.3894829312026275,0.03482492411409544,0.05438528522995781,0.18120030895965822,0.3232070785774665,0.17399893763535945,0.42682138547462,0.09148719090346535,0.0,0.09293491843705914,0.21293589289587267,0.09353584678484173,0.10030170314341769
DatasetE,8,1,10,,,,,,,0.2747395084093672,0.722120000099904,0.4270064668851332,0.09266137838258937,0.0,0.07770871035053784,0.08316725542980752,0.09115618540336712,0.09173322652435134
DatasetE,8,1,50,,,,,,,0.30055071286840046,0.7162863139779547,0.42566883260564425,0.08959561432859742,0.0,0.08451601774502304,0.0863851595815408,0.08641353653734551,0.09371991102877875
DatasetE,8,2,1,0.03237535218080188,0.8878610335327217,68.05604518716015,0.051155336707681145,0.011872275697576004,0.03509527846538026,0.32165171751450816,0.17399897156465893,0.43100667699310835,0.08453648083399545,0.0885717353798745,0.0,0.09661111665103728,0.20169050457402937,0.10435006492917998
DatasetE,8,2,10,,,,,,,0.2833901665312476,0.7221200195420338,0.43089318011724065,0.0904724283662941,0.08788233845441562,0.0,0.09261349721961087,0.08727721304941216,0.08327532556259998
DatasetE,8,2,50,,,,,,,0.297180877746496,0.7162863299080846,0.43141687416130714,0.08984097799262702,0.08781898646813424,0.0,0.08667125958473632,0.08352551462392421,0.08126183092362682
DatasetE,8,3,1,0.04489184150463803,0.8054887228499181,0.42014220274285685,41.12176262310625,0.1375189410773384,0.012174534859761818,0.29731049404857113,0.04900054106002327,0.3358850975753947,0.08303149451569647,0.08439324917548863,0.08563685729140724,0.0,0.08820521063798648,0.1729985873989801
DatasetE,8,3,10,,,,,,,0.29894635338810516,0.5971194960282129,0.3364595263622092,0.08357073686071237,0.08964787481403702,0.08519971216441213,0.0,0.09163042802181431,0.09461217583270365
DatasetE,8,3,50,,,,,,,0.3108125526892693,0.5912857728293558,0.33509888294162016,0.09590874045331299,0.08664010789751364,0.08722797551616912,0.0,0.08348562100571533,0.08994997414409722
DatasetE,8,4,1,0.12216470824960088,0.01613987081188113,0.1137658619585423,0.1877646982919328,50.1033467194822,0.0014273965621837727,0.29856343629990656,0.04900056571481015,0.33962718777792933,0.08628081497526541,0.08485894675375949,0.0817013982884478,0.08641043777709956,0.0,0.16533744092874292
DatasetE,8,4,10,,,,,,,0.28745321995032946,0.597119497851762,0.33944890433453934,0.08538602342800727,0.10156028036923637,0.08492015721291102,0.08789681913642777,0.0,0.08900122356414686
DatasetE,8,4,50,,,,,,,0.29482438480869694,0.5912857860674273,0.33964334862857504,0.09068204756865761,0.09319942277094384,0.08693687443368736,0.08711990007587334,0.0,0.08774107680849319
DatasetE,8,5,1,1.118314714237543,0.24831979130613788,0.02685846039031437,0.3159985388533822,0.01242105428157665,87.40305298412734,0.2607426259845947,0.014350844673930774,0.2290225014925721,0.08804475667586864,0.09234911561264614,0.08815239782893891,0.08748522663195324,0.08528557445551566,0.0
DatasetE,8,5,10,,,,,,,0.27235916852222436,0.3627345194889684,0.22923115335052738,0.0841588554134014,0.0892638861826267,0.0841320642321115,0.09177440223843814,0.08815197327781243,0.0
DatasetE,8,5,50,,,,,,,0.2766066657649482,0.3569009340169142,0.22945393150831997,0.09215756521646723,0.08283978186340368,0.0898340231401007,0.09207948442455116,0.08640784718535688,0.0
DatasetE,9,0,1,45.554121689964795,0.05651548381519763,0.008991646316463951,0.06457838219579355,0.3717251106134247,0.300861934868353,0.3191892481377529,0.36314714773089873,0.5655087262185012,0.0,0.22526828600150584,0.20471419634887833,0.09320188100071758,0.088522067349728,0.09092265367713459
DatasetE,9,0,10,,,,,,,0.21514753165241937,0.8200880641026032,0.5653574622764688,0.0,0.08792648285994398,0.08785185260263662,0.09185912322948697,0.09342697677521361,0.10271183091624092
DatasetE,9,0,50,,,,,,,0.222182440874619,0.8163189680918557,0.5648185018400775,0.0,0.07983308843720893,0.08438607139573095,0.08944116228428323,0.08516599988269746,0.08316349856851524
DatasetE,9,1,1,0.012749101310220369,64.67119891066675,0.0018312670269370675,0.0050846469263089705,0.03840234631768105,0.29039847459680357,0.29384041138604255,0.26936554958599856,0.43244127929728793,0.08386165750285057,0.0,0.0913719125102419,0.20348730897487388,0.09098561396470273,0.10142033303293907
DatasetE,9,1,10,,,,,,,0.2391073861381473,0.7263273018994699,0.43226756235731856,0.08390350191154727,0.0,0.08194079601571858,0.08436982170533813,0.09015358942775009,0.09428336600695042
DatasetE,9,1,50,,,,,,,0.2458155069056715,0.7225582149537526,0.4313418037523932,0.08652503418089275,0.0,0.08319170556166222,0.08765261788698187,0.08576914609139186,0.09303025611166404
DatasetE,9,2,1,0.0003664958125714639,0.1090778168814971,72.81322447282345,0.15573359716800303,0.20909663722653113,0.3394522987361276,0.2976272440298079,0.2693656032944992,0.43620054127423064,0.07938677061951704,0.09626511035408969,0.0,0.09295753746034108,0.20018567054428438,0.09376067326018322
DatasetE,9,2,10,,,,,,,0.23701268349692658,0.7263273157486084,0.4358283757213456,0.08690147668341819,0.08933983860699968,0.0,0.08393420046454647,0.0960780376748045,0.08352440107518078
DatasetE,9,2,50,,,,,,,0.24952226794336618,0.7225582139561135,0.43461853478016305,0.09000369953489118,0.09254211873434848,0.0,0.09871359480743847,0.09034156190499765,0.08902326624729806
DatasetE,9,3,1,0.13679501174101544,0.0017679922382567608,0.019064699003918478,47.68966517365949,0.11353075394627177,0.00351593572809156,0.2682163030483305,0.15996822256886944,0.3374527844667238,0.08224243384414542,0.0776439011213299,0.08296405200953805,0.0,0.08386949655263587,0.17622965753365127
DatasetE,9,3,10,,,,,,,0.24604317784503962,0.6169417456397253,0.3372796664896466,0.09254124814342557,0.09432358668986351,0.08828486078791586,0.0,0.08814719150979711,0.08070998840365151
DatasetE,9,3,50,,,,,,,0.25148464731538966,0.6131726932343523,0.33632080472581194,0.08804086025997337,0.08833116352356596,0.08697408177999977,0.0,0.08824547013005724,0.08689117050797224
DatasetE,9,4,1,0.20138364977538392,0.004023322819820866,0.000651561574753378,0.26209819586722377,43.012637262160546,0.12119020977042542,0.274095318119035,0.15996820578396564,0.34267656945027586,0.08255128801176026,0.0842368239472846,0.09083348767249122,0.08191198102387887,0.0,0.16343775786104087
DatasetE,9,4,10,,,,,,,0.24407694279235922,0.6169417565619545,0.3421359060453921,0.08788625855468712,0.09380585620408599,0.08756835073333047,0.08603909932662024,0.0,0.08357554818680812
DatasetE,9,4,50,,,,,,,0.2541183464491712,0.6131726656074524,0.3412474095796851,0.08504016705712303,0.08691845320262503,0.08662322255549926,0.08304006922327778,0.0,0.08500072708998108
DatasetE,9,5,1,0.06473600043590752,0.010284597691656726,0.05077564690649141,0.6557844884600217,0.08799931691327638,103.6403803924726,0.23625426480624062,0.00022015479448012076,0.2270297818945949,0.08581053447299647,0.08235109617966963,0.09169880534203445,0.08255323342143939,0.0743158444186458,0.0
DatasetE,9,5,10,,,,,,,0.2270586756785239,0.36694168308586894,0.22729331043947673,0.0877067916035168,0.08392669752145832,0.08061515911078354,0.08580762754797444,0.08761011616001202,0.0
DatasetE,9,5,50,,,,,,,0.2347552423042363,0.36317266777646817,0.22675112274038706,0.08348014116492708,0.0857333875853521,0.08574259371032955,0.09768040887365448,0.08865605768331664,0.0
